lang,topic_key,level,sentence
Ukrainian,uk_gender_agreement,A1,Цей новий стіл стояв там.
Ukrainian,uk_gender_agreement,A1,Ця цікава книга була моя.
Ukrainian,uk_gender_agreement,A1,Це гарне вікно було тут.
Ukrainian,uk_gender_agreement,A1,Мій брат читав стару книжку.
Ukrainian,uk_gender_agreement,A1,Та добра мама готувала суп.
Ukrainian,uk_gender_agreement,A1,Те яскраве сонце світило вчора.
Ukrainian,uk_cases_basic,A2,Я читаю книгу.
Ukrainian,uk_cases_basic,A2,Він п'є каву.
Ukrainian,uk_cases_basic,A2,Ми не маємо часу.
Ukrainian,uk_cases_basic,A2,Вона хоче чашку чаю.
Ukrainian,uk_cases_basic,A2,Ти не їси м'яса.
Ukrainian,uk_cases_basic,A2,У мене є багато друзів.
Ukrainian,uk_aspect_basic,A2,Кожного ранку я готую сніданок для родини.
Ukrainian,uk_aspect_basic,A2,Вчора ввечері я приготував смачну вечерю.
Ukrainian,uk_aspect_basic,A2,"Ми дивилися фільм, коли задзвонив телефон."
Ukrainian,uk_aspect_basic,A2,"Я вже подивився цей фільм, і він мені дуже сподобався."
Ukrainian,uk_aspect_basic,A2,"Він довго шукав свої окуляри, але не знайшов їх."
Ukrainian,uk_aspect_basic,A2,Завтра я прочитаю нову книгу.
Ukrainian,uk_aspect_past,B1,Кожного ранку я читав газети.
Ukrainian,uk_aspect_past,B1,Вчора я прочитав цікаву книгу.
Ukrainian,uk_aspect_past,B1,Раніше ми часто їли піцу по п'ятницях.
Ukrainian,uk_aspect_past,B1,Я вже з'їв свій обід.
Ukrainian,uk_aspect_past,B1,В дитинстві мій брат робив багато іграшок.
Ukrainian,uk_aspect_past,B1,Він зробив домашнє завдання за годину.
Ukrainian,uk_aspect_past,B1,Щодня ми ходили в парк гуляти.
Ukrainian,uk_aspect_past,B1,Вчора я сходив до магазину за хлібом.
Ukrainian,uk_motion_verbs,B1,Куди ти йдеш так швидко?
Ukrainian,uk_motion_verbs,B1,Я люблю ходити пішки вранці.
Ukrainian,uk_motion_verbs,B1,Завтра ми йдемо в новий ресторан.
Ukrainian,uk_motion_verbs,B1,"Ми ходили в магазин за молоком, але він був зачинений."
Ukrainian,uk_motion_verbs,B1,Ми вже їдемо до вас на таксі.
Ukrainian,uk_motion_verbs,B1,Моя сестра часто їздить на роботу на велосипеді.
Ukrainian,uk_motion_verbs,B1,На наступному тижні він їде у відрядження до Львова.
Ukrainian,uk_motion_verbs,B1,Діти вміють їздити на роликах?
Ukrainian,uk_aspect_imperative,B1,Читай українські книжки!
Ukrainian,uk_aspect_imperative,B1,"Прочитай цю статтю, будь ласка."
Ukrainian,uk_aspect_imperative,B1,Розмовляй українською мовою частіше!
Ukrainian,uk_aspect_imperative,B1,Розкажи мені свою історію.
Ukrainian,uk_aspect_imperative,B1,Роби домашні завдання регулярно.
Ukrainian,uk_aspect_imperative,B1,Зроби салат на вечерю.
Ukrainian,uk_aspect_imperative,B1,Дивись на дорогу уважно.
Ukrainian,uk_aspect_imperative,B1,Подивись на цю картину!
Ukrainian,uk_participles,B2,Прочитана книга залишила глибоке враження.
Ukrainian,uk_participles,B2,"Студент, написавши реферат, відразу пішов додому."
Ukrainian,uk_participles,B2,"Працюючи в саду, ми насолоджувались свіжим повітрям."
Ukrainian,uk_participles,B2,Приготована їжа була дуже смачною.
Ukrainian,uk_participles,B2,"Відвідавши Львів, ми зробили багато гарних фотографій."
Ukrainian,uk_participles,B2,"Йдучи до університету, він слухав музику."
Ukrainian,uk_participles,B2,Зроблена вчасно робота завжди цінується.
Ukrainian,uk_participles,B2,"Побачивши друзів, діти радісно побігли до них."
Russian,ru_gender_agreement,A1,Это большой стол.
Russian,ru_gender_agreement,A1,Это новая книга.
Russian,ru_gender_agreement,A1,Это старое окно.
Russian,ru_gender_agreement,A1,Мальчик читал.
Russian,ru_gender_agreement,A1,Девочка гуляла.
Russian,ru_gender_agreement,A1,Солнце светило.
Russian,ru_gender_agreement,A1,Дом был большой.
Russian,ru_gender_agreement,A1,Машина была новая.
Russian,ru_cases_basic,A2,Мама готовит обед.
Russian,ru_cases_basic,A2,Студент читает книгу.
Russian,ru_cases_basic,A2,Я не вижу стола.
Russian,ru_cases_basic,A2,Она не пьет молока.
Russian,ru_cases_basic,A2,У меня есть две сестры.
Russian,ru_cases_basic,A2,В парке много деревьев.
Russian,ru_cases_basic,A2,Мы купили три яблока.
Russian,ru_cases_basic,A2,Он не ест мяса.
Russian,ru_aspect_basic,A2,Каждое утро я пью кофе.
Russian,ru_aspect_basic,A2,Я уже выпил весь сок.
Russian,ru_aspect_basic,A2,Она всегда пишет письма бабушке.
Russian,ru_aspect_basic,A2,Мы написали ему короткое сообщение.
Russian,ru_aspect_basic,A2,Что ты делаешь?
Russian,ru_aspect_basic,A2,Я уже сделал завтрак.
Russian,ru_aspect_basic,A2,Они обычно покупают продукты в этом магазине.
Russian,ru_aspect_basic,A2,Вчера я купил новый телефон.
Russian,ru_aspect_past,B1,Каждое утро он пил кофе с молоком.
Russian,ru_aspect_past,B1,Сегодня утром он выпил только чай.
Russian,ru_aspect_past,B1,"Когда я жил в Москве, я часто ездил на метро."
Russian,ru_aspect_past,B1,Вчера я съездил в центр на автобусе.
Russian,ru_aspect_past,B1,В школе мы всегда писали диктанты по пятницам.
Russian,ru_aspect_past,B1,Вчера учительница написала на доске новое правило.
Russian,ru_aspect_past,B1,Раньше она готовила ужин каждый вечер.
Russian,ru_aspect_past,B1,Вчера она приготовила очень вкусный суп.
Russian,ru_motion_verbs,B1,Сегодня вечером я иду в кино с друзьями.
Russian,ru_motion_verbs,B1,Мой брат часто ходит в спортзал после работы.
Russian,ru_motion_verbs,B1,"Когда я был маленьким, я не мог ходить без помощи."
Russian,ru_motion_verbs,B1,"Вчера он шёл домой очень медленно, потому что устал."
Russian,ru_motion_verbs,B1,"Мы едем на вокзал, чтобы встретить родителей."
Russian,ru_motion_verbs,B1,Летом моя семья часто ездит на дачу на машине.
Russian,ru_motion_verbs,B1,Мой дедушка уже не может ездить за рулём.
Russian,ru_motion_verbs,B1,Завтра я еду в другой город по работе.
Russian,ru_motion_prefixes,B2,Мы пришли в кафе ровно в семь вечера.
Russian,ru_motion_prefixes,B2,Он уехал из города на неделю.
Russian,ru_motion_prefixes,B2,Дети быстро выбежали во двор.
Russian,ru_motion_prefixes,B2,Я должен зайти к другу после работы.
Russian,ru_motion_prefixes,B2,"Когда ты войдёшь в здание, поверни направо."
Russian,ru_motion_prefixes,B2,Машина подъехала к дому и остановилась.
Russian,ru_motion_prefixes,B2,Мы быстро прошли мимо старого парка.
Russian,ru_motion_prefixes,B2,Нам осталось дойти всего один километр.
Russian,ru_participles,B2,"Прочитав новую книгу, он почувствовал себя счастливым."
Russian,ru_participles,B2,"Она шла по улице, весело напевая любимую песню."
Russian,ru_participles,B2,"Не зная русского языка, турист с трудом объяснялся с местными жителями."
Russian,ru_participles,B2,"Студенты, готовящиеся к экзамену, сидели в библиотеке до поздней ночи."
Russian,ru_participles,B2,"Человек, пришедший первым на встречу, получил небольшой подарок."
Russian,ru_participles,B2,"Книга, написанная известным автором, стала бестселлером."
Russian,ru_participles,B2,"Вопросы, обсуждаемые на конференции, были очень важными."
Russian,ru_participles,B2,"Закончив работу раньше срока, мы смогли поехать отдыхать."
Polish,pl_gender_agreement,A1,To jest wysoki chłopiec.
Polish,pl_gender_agreement,A1,To są dobrzy studenci.
Polish,pl_gender_agreement,A1,To jest miła studentka.
Polish,pl_gender_agreement,A1,To jest nowe auto.
Polish,pl_gender_agreement,A1,Ten dom jest duży.
Polish,pl_gender_agreement,A1,Mój pies jest mały.
Polish,pl_gender_agreement,A1,Te kobiety są młode.
Polish,pl_gender_agreement,A1,Te samochody są drogie.
Polish,pl_cases_basic,A2,Pies je kość.
Polish,pl_cases_basic,A2,Ja piję wodę.
Polish,pl_cases_basic,A2,Nie mam samochodu.
Polish,pl_cases_basic,A2,"Widzisz stół, ale nie widzisz krzesła."
Polish,pl_cases_basic,A2,Mamy dużo jedzenia.
Polish,pl_cases_basic,A2,On ma mało pieniędzy.
Polish,pl_cases_basic,A2,Oni czytają pięć gazet.
Polish,pl_cases_basic,A2,"Jem jabłko, ale nie mam banana."
Polish,pl_aspect_basic,A2,Zawsze czytam książki wieczorem.
Polish,pl_aspect_basic,A2,Wczoraj przeczytałem jedną książkę.
Polish,pl_aspect_basic,A2,Ona teraz gotuje obiad.
Polish,pl_aspect_basic,A2,Ona ugotowała pyszny obiad.
Polish,pl_aspect_basic,A2,Często kupuję warzywa na targu.
Polish,pl_aspect_basic,A2,Kupiłem bilet do kina.
Polish,pl_aspect_basic,A2,On długo pisał list do babci.
Polish,pl_aspect_basic,A2,On napisał ten list w godzinę.
Polish,pl_aspect_past_future,B1,Codziennie czytałem wiadomości w Internecie.
Polish,pl_aspect_past_future,B1,Wczoraj przeczytałem ciekawą książkę.
Polish,pl_aspect_past_future,B1,W poniedziałek będę pisać raport przez cały dzień.
Polish,pl_aspect_past_future,B1,Do końca tygodnia napiszę ten raport.
Polish,pl_aspect_past_future,B1,"Gotowałem obiad, ale nagle zabrakło prądu."
Polish,pl_aspect_past_future,B1,Mama ugotowała pyszny rosół na niedzielę.
Polish,pl_aspect_past_future,B1,W wakacje będziemy jeździć na rowerach po okolicy.
Polish,pl_aspect_past_future,B1,Jutro pojedziemy na wycieczkę w góry.
Polish,pl_virile_plural,B1,Chłopcy grali w piłkę nożną przez dwie godziny.
Polish,pl_virile_plural,B1,Dziewczynki grały w piłkę nożną przez dwie godziny.
Polish,pl_virile_plural,B1,Ci nowi studenci są bardzo ambitni i inteligentni.
Polish,pl_virile_plural,B1,Te nowe studentki są bardzo ambitne i inteligentne.
Polish,pl_virile_plural,B1,Widziałem tych miłych panów wczoraj na spacerze.
Polish,pl_virile_plural,B1,Widziałem te miłe panie wczoraj na spacerze.
Polish,pl_virile_plural,B1,Anna i Piotr poszli do kina na nowy film.
Polish,pl_virile_plural,B1,Anna i Magda poszły do kina na nowy film.
Polish,pl_participles,B2,Ludzie czekający na autobus wyglądają na zmęczonych.
Polish,pl_participles,B2,Prezent kupiony wczoraj leży na stole.
Polish,pl_participles,B2,"Jedząc obiad, oglądałem telewizję."
Polish,pl_participles,B2,"Przeczytawszy książkę, oddałem ją do biblioteki."
Polish,pl_participles,B2,Dziewczynka śpiewająca piosenkę ma piękny głos.
Polish,pl_participles,B2,Samochód naprawiony w zeszłym tygodniu działa idealnie.
Polish,pl_participles,B2,"Będąc zmęczonym, zasnął szybko."
Polish,pl_participles,B2,"Otworzywszy drzwi, wszedłem do środka."
Spanish,es_ser_estar,A1,Yo soy Pedro.
Spanish,es_ser_estar,A1,Mi perro es grande.
Spanish,es_ser_estar,A1,Ella es de México.
Spanish,es_ser_estar,A1,Hoy es viernes.
Spanish,es_ser_estar,A1,El libro está en la mesa.
Spanish,es_ser_estar,A1,Tú estás feliz.
Spanish,es_ser_estar,A1,La puerta está abierta.
Spanish,es_ser_estar,A1,Nosotros estamos en casa.
Spanish,es_gender_agreement,A1,El perro es bueno.
Spanish,es_gender_agreement,A1,La casa es bonita.
Spanish,es_gender_agreement,A1,El libro es nuevo.
Spanish,es_gender_agreement,A1,La flor es roja.
Spanish,es_gender_agreement,A1,El café es caliente.
Spanish,es_gender_agreement,A1,La mesa es pequeña.
Spanish,es_gender_agreement,A1,El hombre es alto.
Spanish,es_gender_agreement,A1,La mujer es alta.
Spanish,es_reflexive,A2,Yo me levanto a las siete de la mañana.
Spanish,es_reflexive,A2,¿Cómo te llamas tú?
Spanish,es_reflexive,A2,Ella se ducha antes de ir a trabajar.
Spanish,es_reflexive,A2,Nosotros nos lavamos las manos con jabón.
Spanish,es_reflexive,A2,Vosotros os sentáis en estas sillas.
Spanish,es_reflexive,A2,Ellos se acuestan temprano por la noche.
Spanish,es_reflexive,A2,Mi hermano se viste muy rápido cada día.
Spanish,es_reflexive,A2,Usted se mira en el espejo antes de salir.
Spanish,es_object_pronouns,A2,"¿Tienes el libro? Sí, lo tengo."
Spanish,es_object_pronouns,A2,"¿Ves la casa? No, no la veo."
Spanish,es_object_pronouns,A2,Voy a leer el menú. Quiero leerlo ahora.
Spanish,es_object_pronouns,A2,Necesito una pluma. Voy a comprarla.
Spanish,es_object_pronouns,A2,Mi hermano me llama. Yo le hablo.
Spanish,es_object_pronouns,A2,"¿Puedes ayudarme? Sí, voy a ayudarte."
Spanish,es_object_pronouns,A2,El profesor me explica. Me explica la lección.
Spanish,es_object_pronouns,A2,Quiero dar un regalo a mi amigo. Voy a darle un regalo.
Spanish,es_preterite_imperfect,B1,Yo estudiaba cuando mi hermana me llamó por teléfono.
Spanish,es_preterite_imperfect,B1,"Cada mañana corría en el parque, pero ayer solo caminé un poco."
Spanish,es_preterite_imperfect,B1,Hacía mucho calor y la gente buscaba sombra en la plaza.
Spanish,es_preterite_imperfect,B1,"Cuando tenía ocho años, visité la playa por primera vez."
Spanish,es_preterite_imperfect,B1,"Siempre comíamos paella los domingos, pero el sábado pasado fuimos a un restaurante italiano."
Spanish,es_preterite_imperfect,B1,"La casa era vieja y pequeña, pero la pintamos el mes pasado."
Spanish,es_preterite_imperfect,B1,"Ella estaba enferma, así que no fue a trabajar el martes."
Spanish,es_preterite_imperfect,B1,"Mientras leía un libro en mi cuarto, mi perro ladró muy fuerte."
Spanish,es_subjunctive_present,B1,Quiero que estudies para el examen.
Spanish,es_subjunctive_present,B1,Espero que tengas un buen día.
Spanish,es_subjunctive_present,B1,Dudo que él venga a la reunión.
Spanish,es_subjunctive_present,B1,Me alegra que te guste mi regalo.
Spanish,es_subjunctive_present,B1,Es importante que comas sano.
Spanish,es_subjunctive_present,B1,Necesitamos que nos ayudes con esto.
Spanish,es_subjunctive_present,B1,Siento que no puedas venir a la fiesta.
Spanish,es_subjunctive_present,B1,Te aconsejo que leas este libro.
Spanish,es_subjunctive_past_si,B2,"Si tuviera más tiempo libre, leería muchos más libros."
Spanish,es_subjunctive_past_si,B2,"Si supieras la verdad, no estarías tan sorprendido."
Spanish,es_subjunctive_past_si,B2,"Si pudiéramos, viajaríamos a España el próximo verano."
Spanish,es_subjunctive_past_si,B2,"Si ella estudiara más, sacaría mejores notas en todas las materias."
Spanish,es_subjunctive_past_si,B2,"Si lloviera mañana, no iríamos al parque con los niños."
Spanish,es_subjunctive_past_si,B2,"Si tuvieran un coche más grande, llevarían a todos sus amigos."
Spanish,es_subjunctive_past_si,B2,"Si fuera necesario, te ayudaría con tu tarea sin problema."
Spanish,es_subjunctive_past_si,B2,"Si vinieran antes, podríamos cenar todos juntos en casa."
French,fr_gender_agreement,A1,Le livre est grand.
French,fr_gender_agreement,A1,La table est petite.
French,fr_gender_agreement,A1,Les garçons sont gentils.
French,fr_gender_agreement,A1,Les filles sont belles.
French,fr_gender_agreement,A1,Mon chat est noir.
French,fr_gender_agreement,A1,Ma voiture est noire.
French,fr_gender_agreement,A1,J'ai un crayon bleu et une gomme bleue.
French,fr_gender_agreement,A1,Le café est chaud et la soupe est chaude.
French,fr_passe_compose_imparfait,A2,"Quand j'étais enfant, je regardais beaucoup de dessins animés."
French,fr_passe_compose_imparfait,A2,"Hier soir, j'ai mangé une pizza avec ma famille."
French,fr_passe_compose_imparfait,A2,La maison était grande et avait un beau jardin.
French,fr_passe_compose_imparfait,A2,Il a acheté un nouveau vélo samedi dernier.
French,fr_passe_compose_imparfait,A2,Nous dormions quand un bruit nous a réveillés.
French,fr_passe_compose_imparfait,A2,"Il faisait froid, alors j'ai mis mon manteau."
French,fr_passe_compose_imparfait,A2,"Chaque été, nous allions à la plage en Italie."
French,fr_passe_compose_imparfait,A2,"J'ai fini mon travail, puis j'ai pris le bus pour rentrer."
French,fr_partitive,A2,Il boit du café noir le matin.
French,fr_partitive,A2,Nous mangeons du pain avec le fromage.
French,fr_partitive,A2,Elle achète de la viande au supermarché.
French,fr_partitive,A2,Vous avez de la chance aujourd'hui !
French,fr_partitive,A2,Je bois de l'eau quand j'ai soif.
French,fr_partitive,A2,Nous avons de l'argent pour les vacances.
French,fr_partitive,A2,Les enfants aiment manger des fruits.
French,fr_partitive,A2,Ils regardent des films à la télévision.
French,fr_object_pronouns,B1,Je les lui ai données.
French,fr_object_pronouns,B1,"Oui, je te le prête."
French,fr_object_pronouns,B1,Nous les y mettons.
French,fr_object_pronouns,B1,"Non, je ne les lui ai pas données."
French,fr_object_pronouns,B1,"Oui, je leur en ai parlé."
French,fr_object_pronouns,B1,Il y en a beaucoup.
French,fr_object_pronouns,B1,Le professeur les leur a rendus.
French,fr_object_pronouns,B1,"Oui, je t'y ai vu."
French,fr_subjunctive_present,B1,Il faut que tu finisses ton travail avant de partir.
French,fr_subjunctive_present,B1,Il est important que nous comprenions la leçon.
French,fr_subjunctive_present,B1,Je veux que tu viennes à ma fête samedi.
French,fr_subjunctive_present,B1,Je souhaite qu'il fasse beau demain pour la promenade.
French,fr_subjunctive_present,B1,Je doute qu'elle sache la réponse à cette question.
French,fr_subjunctive_present,B1,Il est possible qu'il pleuve cet après-midi.
French,fr_subjunctive_present,B1,Je suis content que vous soyez tous là.
French,fr_subjunctive_present,B1,Je regrette qu'elle ne puisse pas venir avec nous.
Italian,it_gender_agreement,A1,Il libro è rosso.
Italian,it_gender_agreement,A1,La penna è rossa.
Italian,it_gender_agreement,A1,I libri sono rossi.
Italian,it_gender_agreement,A1,Le penne sono rosse.
Italian,it_gender_agreement,A1,Il cane è grande.
Italian,it_gender_agreement,A1,La casa è grande.
Italian,it_gender_agreement,A1,I cani sono grandi.
Italian,it_gender_agreement,A1,Le case sono grandi.
Italian,it_passato_prossimo_imperfetto,A2,Ieri ho studiato per due ore.
Italian,it_passato_prossimo_imperfetto,A2,Da bambino giocavo sempre a calcio.
Italian,it_passato_prossimo_imperfetto,A2,L'anno scorso siamo andati in Italia.
Italian,it_passato_prossimo_imperfetto,A2,Faceva freddo e pioveva.
Italian,it_passato_prossimo_imperfetto,A2,"Mentre leggevo, il telefono è suonato."
Italian,it_passato_prossimo_imperfetto,A2,"Prima ho cucinato, poi ho pulito la casa."
Italian,it_passato_prossimo_imperfetto,A2,"Quando ero giovane, lavoravo in un negozio."
Italian,it_passato_prossimo_imperfetto,A2,"Eravamo stanchi, ma abbiamo camminato molto."
Italian,it_pronominal_particles,B1,"Vai spesso in palestra? Sì, ci vado tre volte a settimana."
Italian,it_pronominal_particles,B1,"Pensi al tuo esame di italiano? Certo che ci penso, è importante!"
Italian,it_pronominal_particles,B1,In questa città non ci sono molti negozi aperti la domenica.
Italian,it_pronominal_particles,B1,"Conti sui tuoi amici per il progetto? Sì, ci conto molto."
Italian,it_pronominal_particles,B1,Quante mele hai comprato? Ne ho comprate solo due.
Italian,it_pronominal_particles,B1,"Hai del tempo libero oggi? Sì, ne ho un po' dopo pranzo."
Italian,it_pronominal_particles,B1,"Sei soddisfatto del tuo nuovo computer? Sì, ne sono molto contento."
Italian,it_pronominal_particles,B1,"Sei già tornato dall'ufficio? No, ne esco tra poco."
Italian,it_subjunctive_present,B1,Spero che tu stia bene oggi.
Italian,it_subjunctive_present,B1,Credo che lei arrivi presto alla riunione.
Italian,it_subjunctive_present,B1,Sono contento che voi veniate alla mia festa.
Italian,it_subjunctive_present,B1,Dubito che loro sappiano tutta la verità.
Italian,it_subjunctive_present,B1,È importante che noi studiamo per l'esame finale.
Italian,it_subjunctive_present,B1,Voglio che tu faccia i compiti prima di uscire.
Italian,it_subjunctive_present,B1,Penso che questo libro sia molto interessante.
Italian,it_subjunctive_present,B1,Ho paura che piova domani e rovini la gita.
Portuguese,pt_ser_estar,A1,Eu sou Maria.
Portuguese,pt_ser_estar,A1,O livro está aqui.
Portuguese,pt_ser_estar,A1,A casa é azul.
Portuguese,pt_ser_estar,A1,Eu estou feliz.
Portuguese,pt_ser_estar,A1,Ele é professor.
Portuguese,pt_ser_estar,A1,Você está cansado?
Portuguese,pt_ser_estar,A1,Nós somos estudantes.
Portuguese,pt_ser_estar,A1,A porta está aberta.
Portuguese,pt_preterite_imperfect,A2,Eu lia um livro quando a minha amiga ligou.
Portuguese,pt_preterite_imperfect,A2,"Ela ia à escola de ônibus, mas hoje foi a pé."
Portuguese,pt_preterite_imperfect,A2,A festa era divertida até que a música parou.
Portuguese,pt_preterite_imperfect,A2,"Enquanto eu cozinhava, o meu irmão assistia à televisão."
Portuguese,pt_preterite_imperfect,A2,"Nós morávamos em Lisboa, mas no ano passado nos mudamos para o Porto."
Portuguese,pt_preterite_imperfect,A2,O tempo estava bom quando saímos de casa.
Portuguese,pt_preterite_imperfect,A2,Ele estudava para o exame e depois foi dormir.
Portuguese,pt_preterite_imperfect,A2,"Quando eu era criança, brincava muito, mas um dia quebrei a perna."
Portuguese,pt_subjunctive_present,B1,Espero que você venha à festa.
Portuguese,pt_subjunctive_present,B1,É importante que nós estudemos para o teste.
Portuguese,pt_subjunctive_present,B1,Duvido que ele saiba a resposta correta.
Portuguese,pt_subjunctive_present,B1,Fico feliz que vocês gostem do presente.
Portuguese,pt_subjunctive_present,B1,É possível que chova amanhã à tarde.
Portuguese,pt_subjunctive_present,B1,Quero que ela faça o jantar hoje.
Portuguese,pt_subjunctive_present,B1,Aconselho que você descanse um pouco.
Portuguese,pt_subjunctive_present,B1,Tenho medo que eles estejam atrasados para a reunião.
Portuguese,pt_personal_infinitive,B1,É importante eles chegarem a tempo para a reunião.
Portuguese,pt_personal_infinitive,B1,"Para nós entendermos a explicação, ela precisa ser clara."
Portuguese,pt_personal_infinitive,B1,"Antes de vocês saírem, fechem todas as janelas."
Portuguese,pt_personal_infinitive,B1,"Depois de eu chegar em casa, vou preparar o jantar."
Portuguese,pt_personal_infinitive,B1,Seria bom ele estudar mais para passar no exame.
Portuguese,pt_personal_infinitive,B1,O médico pediu para eles fazerem mais exercícios físicos.
Portuguese,pt_personal_infinitive,B1,É essencial você aprender os verbos irregulares.
Portuguese,pt_personal_infinitive,B1,"Para eles comprarem a casa, precisam de um bom empréstimo."
Portuguese,pt_future_subjunctive,B2,"Quando eu chegar ao escritório, vou te ligar."
Portuguese,pt_future_subjunctive,B2,"Assim que eles terminarem o trabalho, podemos ir para casa."
Portuguese,pt_future_subjunctive,B2,"Se você precisar de ajuda, por favor, me avise."
Portuguese,pt_future_subjunctive,B2,"Quando nós formos à praia, vamos nadar muito."
Portuguese,pt_future_subjunctive,B2,"Depois que ela souber a verdade, ela vai entender tudo."
Portuguese,pt_future_subjunctive,B2,"Enquanto você estiver aqui, aproveite a festa."
Portuguese,pt_future_subjunctive,B2,"Enquanto eles não voltarem, precisamos esperar um pouco mais."
Portuguese,pt_future_subjunctive,B2,"Se chover amanhã, ficaremos em casa lendo livros."
Catalan,ca_gender_agreement,A1,El cotxe és blanc.
Catalan,ca_gender_agreement,A1,La flor és blanca.
Catalan,ca_gender_agreement,A1,El llibre és petit.
Catalan,ca_gender_agreement,A1,La taula és petita.
Catalan,ca_gender_agreement,A1,El gos és vermell.
Catalan,ca_gender_agreement,A1,La poma és vermella.
Catalan,ca_gender_agreement,A1,El menjar és bo.
Catalan,ca_gender_agreement,A1,L'aigua és bona.
Catalan,ca_pronominal_adverbs,A2,"Vas al parc? Sí, hi vaig cada dia."
Catalan,ca_pronominal_adverbs,A2,"El teu llibre és a la taula? Sí, hi és."
Catalan,ca_pronominal_adverbs,A2,"Penses en les vacances? Sí, hi penso molt."
Catalan,ca_pronominal_adverbs,A2,"Estàs content del teu regal? Sí, n'estic molt content."
Catalan,ca_pronominal_adverbs,A2,"Tens molts amics? Sí, en tinc molts."
Catalan,ca_pronominal_adverbs,A2,"Vols més cafè? No, gràcies, no en vull."
Catalan,ca_pronominal_adverbs,A2,"Parles del partit d'ahir? Sí, en parlo."
Catalan,ca_pronominal_adverbs,A2,"Véns de la platja? Sí, en vinc ara."
Catalan,ca_subjunctive_present,B1,Vull que vagis a comprar el pa.
Catalan,ca_subjunctive_present,B1,Cal que facis els deures avui.
Catalan,ca_subjunctive_present,B1,M'agrada que siguis tan amable amb tothom.
Catalan,ca_subjunctive_present,B1,Dubto que ella vingui a la festa.
Catalan,ca_subjunctive_present,B1,És important que llegeixis les instruccions abans.
Catalan,ca_subjunctive_present,B1,No vull que parlis tan fort a la biblioteca.
Catalan,ca_subjunctive_present,B1,Tinc por que plogui demà i no puguem sortir.
Catalan,ca_subjunctive_present,B1,No crec que ell sàpiga la resposta correcta.
German,de_gender_der_die_das,A1,Der Stuhl ist braun.
German,de_gender_der_die_das,A1,Die Lampe ist neu.
German,de_gender_der_die_das,A1,Das Buch ist gut.
German,de_gender_der_die_das,A1,Der Apfel schmeckt süß.
German,de_gender_der_die_das,A1,Die Banane ist gelb.
German,de_gender_der_die_das,A1,Das Wasser ist kalt.
German,de_gender_der_die_das,A1,Der Kaffee ist heiß.
German,de_gender_der_die_das,A1,Die Tür ist zu.
German,de_cases_nom_akk,A1,Der Mann trinkt den Kaffee.
German,de_cases_nom_akk,A1,Ich sehe den Hund.
German,de_cases_nom_akk,A1,Du kaufst den Tisch.
German,de_cases_nom_akk,A1,Der Junge isst den Apfel.
German,de_cases_nom_akk,A1,Wir suchen den Schlüssel.
German,de_cases_nom_akk,A1,Er hat den Computer.
German,de_cases_nom_akk,A1,Der Lehrer fragt den Schüler.
German,de_cases_nom_akk,A1,Ich mag den Film.
German,de_dative,A2,Ich gebe dem Mann einen Apfel.
German,de_dative,A2,Sie hilft ihrer Schwester bei den Hausaufgaben.
German,de_dative,A2,Wir fahren mit unseren Freunden in die Stadt.
German,de_dative,A2,Die Geschichte gefällt den Kindern sehr gut.
German,de_dative,A2,Kannst du mir bitte das Buch geben?
German,de_dative,A2,Das Essen schmeckt dem Koch ausgezeichnet.
German,de_dative,A2,Er schreibt seiner Mutter eine lange E-Mail.
German,de_dative,A2,Ich antworte dem Lehrer auf seine Frage.
German,de_separable_verbs,A2,Ich stehe jeden Morgen früh auf.
German,de_separable_verbs,A2,Er ruft seine Mutter oft an.
German,de_separable_verbs,A2,Wir kaufen am Samstag im Supermarkt ein.
German,de_separable_verbs,A2,Kommst du heute Abend mit?
German,de_separable_verbs,A2,Meine Eltern sehen abends gerne fern.
German,de_separable_verbs,A2,Mach bitte das Fenster zu!
German,de_separable_verbs,A2,Geht ihr am Wochenende aus?
German,de_separable_verbs,A2,Die Lehrerin liest den Kindern eine Geschichte vor.
German,de_genitive,B1,Das Auto des Lehrers ist sehr schnell.
German,de_genitive,B1,Der Name der Chefin ist Frau Müller.
German,de_genitive,B1,Das Dach des Hauses ist rot.
German,de_genitive,B1,Die Meinungen der Freunde sind wichtig.
German,de_genitive,B1,Wegen des starken Windes mussten wir drinnen bleiben.
German,de_genitive,B1,Wegen der Grippe konnte er nicht zur Arbeit kommen.
German,de_genitive,B1,Trotz des kalten Wetters sind die Kinder draußen.
German,de_genitive,B1,Trotz der vielen Aufgaben hatte er noch Zeit für Sport.
German,de_word_order_v2,B1,"Ich bleibe zu Hause, weil ich müde bin."
German,de_word_order_v2,B1,"Er lernt Deutsch, weil er in Deutschland arbeiten möchte."
German,de_word_order_v2,B1,"Wir hoffen, dass das Wetter morgen schön wird."
German,de_word_order_v2,B1,"Sie sagt, dass sie keine Zeit hat."
German,de_word_order_v2,B1,"Ich helfe dir, wenn du mich brauchst."
German,de_word_order_v2,B1,"Wenn es regnet, bleiben wir drinnen."
German,de_word_order_v2,B1,"Ich mache die Tür auf, wenn du ankommst."
German,de_word_order_v2,B1,"Er denkt, dass er heute nicht kommen kann."
German,de_modal_particles,B2,Komm doch einfach mal vorbei!
German,de_modal_particles,B2,"Ach, du bist doch tatsächlich schon hier!"
German,de_modal_particles,B2,Kannst du mir mal kurz helfen?
German,de_modal_particles,B2,"Schau mal, ob der Ofen schon heiß ist."
German,de_modal_particles,B2,Das Wetter ist ja heute wirklich schön.
German,de_modal_particles,B2,"Pass ja auf, dass du nichts vergisst!"
German,de_modal_particles,B2,"Es ist, wie es ist, da kann man eben nichts machen."
German,de_modal_particles,B2,Du hast die Tür offen gelassen? Dann ist es eben so kalt.
Dutch,nl_gender_de_het,A1,De stoel is blauw.
Dutch,nl_gender_de_het,A1,Het boek ligt op tafel.
Dutch,nl_gender_de_het,A1,De vrouw drinkt thee.
Dutch,nl_gender_de_het,A1,Het kind speelt buiten.
Dutch,nl_gender_de_het,A1,Waar is de sleutel?
Dutch,nl_gender_de_het,A1,Het huis is groot.
Dutch,nl_gender_de_het,A1,De fiets is nieuw.
Dutch,nl_gender_de_het,A1,Ik eet het brood.
Dutch,nl_word_order_v2,A2,Ik drink water omdat ik dorst heb.
Dutch,nl_word_order_v2,A2,"Omdat hij ziek is, gaat hij niet naar school."
Dutch,nl_word_order_v2,A2,Zij zegt dat het eten lekker is.
Dutch,nl_word_order_v2,A2,Wij weten dat zij vanavond komt.
Dutch,nl_word_order_v2,A2,Ik lees een boek als ik tijd heb.
Dutch,nl_word_order_v2,A2,"Als het mooi weer is, fietsen wij naar het park."
Dutch,nl_word_order_v2,A2,Hij koopt een nieuwe telefoon omdat zijn oude kapot is.
Dutch,nl_word_order_v2,A2,Wij hopen dat jullie het leuk vinden.
Dutch,nl_separable_verbs,A2,Ik sta elke dag om zeven uur op.
Dutch,nl_separable_verbs,A2,De trein komt om half drie aan.
Dutch,nl_separable_verbs,A2,Ik doe het licht uit.
Dutch,nl_separable_verbs,A2,Wil je je jas uitdoen?
Dutch,nl_separable_verbs,A2,Ik neem mijn boek mee naar school.
Dutch,nl_separable_verbs,A2,Wanneer kom je terug van vakantie?
Dutch,nl_separable_verbs,A2,Hij eet zijn soep snel op.
Dutch,nl_separable_verbs,A2,Wij gaan morgen vroeg weg.
Dutch,nl_separable_verbs,A2,De kinderen ruimen hun speelgoed op.
Dutch,nl_verb_clusters,B1,Ik hoop dat je morgen kunt komen.
Dutch,nl_verb_clusters,B1,Hij zei dat hij tot laat moest werken.
Dutch,nl_verb_clusters,B1,Wij vinden dat we meer moeten oefenen.
Dutch,nl_verb_clusters,B1,Ze wist dat ze eerder had moeten gaan.
Dutch,nl_verb_clusters,B1,Ik ben blij dat ik je heb kunnen helpen.
Dutch,nl_verb_clusters,B1,Het spijt me dat ik het niet heb kunnen doen.
Dutch,nl_verb_clusters,B1,Ze dacht dat hij zou willen eten.
Dutch,nl_verb_clusters,B1,Wij waren verbaasd dat ze het heeft durven vragen.
Dutch,nl_modal_particles,B1,Het regent toch al?
Dutch,nl_modal_particles,B1,Je bent toch niet boos op me?
Dutch,nl_modal_particles,B1,Ik vind die film wel leuk.
Dutch,nl_modal_particles,B1,"Doe wel voorzichtig, alsjeblieft!"
Dutch,nl_modal_particles,B1,Kun je me even helpen?
Dutch,nl_modal_particles,B1,Ik kom zo even kijken.
Dutch,nl_modal_particles,B1,Ga maar zitten.
Dutch,nl_modal_particles,B1,Probeer het gewoon maar eens.
Japanese,ja_wa_ga,A1,私は学生です。
Japanese,ja_wa_ga,A1,日本はきれいです。
Japanese,ja_wa_ga,A1,猫がいます。
Japanese,ja_wa_ga,A1,メアリーさんが来ます。
Japanese,ja_wa_ga,A1,これは本です。
Japanese,ja_wa_ga,A1,これが私の本です。
Japanese,ja_wa_ga,A1,私はりんごが好きです。
Japanese,ja_wa_ga,A1,空が青いです。
Japanese,ja_core_particles,A1,わたしは パン を たべます。
Japanese,ja_core_particles,A1,わたしは うち に かえります。
Japanese,ja_core_particles,A1,えき で でんしゃ に のります。
Japanese,ja_core_particles,A1,わたしは とうきょう へ いきます。
Japanese,ja_core_particles,A1,けんさんは ごご くじ に テレビ を みます。
Japanese,ja_core_particles,A1,わたしは バス で がっこう に いきます。
Japanese,ja_core_particles,A1,まりこさんは コーヒー を のみます。
Japanese,ja_core_particles,A1,ねこは いす の うえ に います。
Japanese,ja_te_form,A2,ちょっと待ってください。
Japanese,ja_te_form,A2,スーパーへ行って、ジュースを買いました。
Japanese,ja_te_form,A2,ここで写真を撮ってもいいですか。
Japanese,ja_te_form,A2,このケーキを食べてもいいですよ。
Japanese,ja_te_form,A2,ドアを開けてください。
Japanese,ja_te_form,A2,起きて、コーヒーを飲みました。
Japanese,ja_te_form,A2,ペンを借りてもいいですか。
Japanese,ja_te_form,A2,日本語を勉強して、映画を見ました。
Japanese,ja_plain_polite,A2,私は田中です。
Japanese,ja_plain_polite,A2,僕は田中。
Japanese,ja_plain_polite,A2,毎日日本語を勉強します。
Japanese,ja_plain_polite,A2,毎日日本語を勉強する。
Japanese,ja_plain_polite,A2,このかばんは高いです。
Japanese,ja_plain_polite,A2,このかばんは高い。
Japanese,ja_plain_polite,A2,彼は学生です。
Japanese,ja_plain_polite,A2,彼は学生だ。
Japanese,ja_verb_groups,B1,彼は毎日新聞を読みます。
Japanese,ja_verb_groups,B1,友達に会って、たくさん話しました。
Japanese,ja_verb_groups,B1,まだ宿題を書いていません。
Japanese,ja_verb_groups,B1,私は毎日、朝ごはんを食べます。
Japanese,ja_verb_groups,B1,テレビを見て、日本語を勉強します。
Japanese,ja_verb_groups,B1,昨日は早く起きませんでした。
Japanese,ja_verb_groups,B1,彼が来たら、パーティーを始めましょう。
Japanese,ja_verb_groups,B1,週末に友達とサッカーをしました。
Japanese,ja_counters,B1,田中さんの家族は四人です。
Japanese,ja_counters,B1,Tシャツを二枚買いました。
Japanese,ja_counters,B1,ビールを三本ください。
Japanese,ja_counters,B1,本を一冊読みました。
Japanese,ja_counters,B1,猫を二匹飼っています。
Japanese,ja_counters,B1,車が一台あります。
Japanese,ja_counters,B1,りんごを三個ください。
Japanese,ja_counters,B1,コーヒーを一杯飲みました。
Japanese,ja_keigo_basic,B2,先生は明日、弊社にお越しになります。
Japanese,ja_keigo_basic,B2,鈴木様には、後ほど私からご連絡いたします。
Japanese,ja_keigo_basic,B2,部長はいつも朝食を召し上がらないそうです。
Japanese,ja_keigo_basic,B2,先生の新しい本を、ぜひ拝見したいです。
Japanese,ja_keigo_basic,B2,社長はどのようなお仕事をなさっていますか。
Japanese,ja_keigo_basic,B2,来週、お客様の会社へご挨拶に伺います。
Japanese,ja_keigo_basic,B2,課長はもう資料をご覧になりましたか。
Japanese,ja_keigo_basic,B2,来週、東京でお目にかかれるのを楽しみにしております。
Korean,ko_topic_subject_particles,A1,저는 학생이에요.
Korean,ko_topic_subject_particles,A1,책이 없어요.
Korean,ko_topic_subject_particles,A1,이것은 펜이에요.
Korean,ko_topic_subject_particles,A1,커피가 맛있어요.
Korean,ko_topic_subject_particles,A1,저는 물을 마셔요.
Korean,ko_topic_subject_particles,A1,친구가 와요.
Korean,ko_topic_subject_particles,A1,이 사람은 선생님이에요.
Korean,ko_topic_subject_particles,A1,사과가 있어요.
Korean,ko_speech_levels,A1,밥 먹었어요?
Korean,ko_speech_levels,A1,이것은 김치입니다.
Korean,ko_speech_levels,A1,배고파.
Korean,ko_speech_levels,A1,커피 마셔요?
Korean,ko_speech_levels,A1,어서 오십시오.
Korean,ko_speech_levels,A1,어디 가?
Korean,ko_speech_levels,A1,책 읽으세요.
Korean,ko_speech_levels,A1,저는 한국 사람입니다.
Korean,ko_counters,A2,빵 세 개 주세요.
Korean,ko_counters,A2,우리 반에 학생 열여덟 명이 있어요.
Korean,ko_counters,A2,고양이 한 마리가 자고 있어요.
Korean,ko_counters,A2,책 네 권을 읽었어요.
Korean,ko_counters,A2,주스 한 잔 주세요.
Korean,ko_counters,A2,맥주 다섯 병을 샀어요.
Korean,ko_counters,A2,종이 두 장이 필요해요.
Korean,ko_counters,A2,신발 세 켤레를 샀어요.
Korean,ko_irregular_verbs,A2,겨울에는 날씨가 정말 추워요.
Korean,ko_irregular_verbs,A2,친구가 숙제를 도와줘서 고마웠어요.
Korean,ko_irregular_verbs,A2,이 문제는 생각보다 쉬워요.
Korean,ko_irregular_verbs,A2,저는 매일 아침 라디오를 들어요.
Korean,ko_irregular_verbs,A2,공원에서 한 시간 동안 걸었어요.
Korean,ko_irregular_verbs,A2,"죄송하지만, 그 길을 잘 몰라요."
Korean,ko_irregular_verbs,A2,지하철이 버스보다 훨씬 빨라요.
Korean,ko_irregular_verbs,A2,주말에 친구들과 노래를 불렀어요.
Korean,ko_honorifics,B1,아버지께서 신문을 읽으세요.
Korean,ko_honorifics,B1,할머니는 지금 주무세요.
Korean,ko_honorifics,B1,"선생님, 어디에 계세요?"
Korean,ko_honorifics,B1,사장님은 커피를 드셨어요.
Korean,ko_honorifics,B1,어머니께서 말씀하셨어요.
Korean,ko_honorifics,B1,할아버지 댁은 서울에 있어요.
Korean,ko_honorifics,B1,이 분이 저희 아버지세요.
Korean,ko_honorifics,B1,교수님께서 저에게 책을 주셨어요.
Korean,ko_connectives,B1,저는 아침에 일찍 일어나고 운동했어요.
Korean,ko_connectives,B1,이 음식은 맛있고 싸요.
Korean,ko_connectives,B1,한국말은 어렵지만 재미있어요.
Korean,ko_connectives,B1,저는 커피를 좋아하지만 제 친구는 차를 좋아해요.
Korean,ko_connectives,B1,비가 와서 집에 있었어요.
Korean,ko_connectives,B1,숙제가 많아서 피곤해요.
Korean,ko_connectives,B1,지금 저녁을 먹는데 친구에게서 전화가 왔어요.
Korean,ko_connectives,B1,날씨가 좋은데 우리 산책할까요?
Chinese,zh_measure_words,A1,我有一个朋友。
Chinese,zh_measure_words,A1,她有两本书。
Chinese,zh_measure_words,A1,爸爸喝了三杯水。
Chinese,zh_measure_words,A1,老师有四支笔。
Chinese,zh_measure_words,A1,妈妈买了五个苹果。
Chinese,zh_measure_words,A1,这是一台电脑。
Chinese,zh_measure_words,A1,你有几件衣服？
Chinese,zh_measure_words,A1,我喜欢两只小狗。
Chinese,zh_aspect_markers,A2,我喝了水。
Chinese,zh_aspect_markers,A2,她学了中文。
Chinese,zh_aspect_markers,A2,我没去过美国。
Chinese,zh_aspect_markers,A2,你吃过饺子吗？
Chinese,zh_aspect_markers,A2,窗户开着。
Chinese,zh_aspect_markers,A2,他坐着看书。
Chinese,zh_aspect_markers,A2,天气冷了。
Chinese,zh_aspect_markers,A2,老师站着说。
Chinese,zh_resultative_complements,B1,我听懂了老师说的话。
Chinese,zh_resultative_complements,B1,我很快就做完了作业。
Chinese,zh_resultative_complements,B1,我在公园里看见了很多花。
Chinese,zh_resultative_complements,B1,他很努力，所以学好了汉语。
Chinese,zh_resultative_complements,B1,我终于找到我的钥匙了。
Chinese,zh_resultative_complements,B1,孩子们把盘子里的饭都吃完了。
Chinese,zh_resultative_complements,B1,我要把我的车洗干净。
Chinese,zh_resultative_complements,B1,他不小心写错了名字。
Chinese,zh_comparison_bi,B1,这个苹果比那个苹果大。
Chinese,zh_comparison_bi,B1,今天比昨天热。
Chinese,zh_comparison_bi,B1,他比我高。
Chinese,zh_comparison_bi,B1,这本书比那本书便宜。
Chinese,zh_comparison_bi,B1,这辆车比那辆车快。
Chinese,zh_comparison_bi,B1,汉语比英语难吗？
Chinese,zh_comparison_bi,B1,她比她姐姐漂亮。
Chinese,zh_comparison_bi,B1,我们学校比公园远。
Chinese,zh_ba_construction,B1,我把书放在桌子上了。
Chinese,zh_ba_construction,B1,请你把门关上。
Chinese,zh_ba_construction,B1,他把咖啡喝完了。
Chinese,zh_ba_construction,B1,妈妈把菜做好了。
Chinese,zh_ba_construction,B1,你把垃圾扔了吧。
Chinese,zh_ba_construction,B1,老师把名字写在白板上。
Chinese,zh_ba_construction,B1,我把手机借给朋友了。
Chinese,zh_ba_construction,B1,请把这个词翻译成英文。
Chinese,zh_potential_directional,B2,这箱子太重了，我一个人搬不上去。
Chinese,zh_potential_directional,B2,电影说得太快了，我听不懂他们在说什么。
Chinese,zh_potential_directional,B2,这本书虽然有点难，但是我看得懂。
Chinese,zh_potential_directional,B2,请你帮我把笔拿过来。
Chinese,zh_potential_directional,B2,他快步跑进教室。
Chinese,zh_potential_directional,B2,门太小了，这张桌子搬不进去。
Chinese,zh_potential_directional,B2,作业太多了，我今天晚上做不完。
Chinese,zh_potential_directional,B2,老师让我们把书翻到第一页。
Romanian,ro_enclitic_article,A1,Masa este mare.
Romanian,ro_enclitic_article,A1,Cartea este pe scaun.
Romanian,ro_enclitic_article,A1,Fata citește.
Romanian,ro_enclitic_article,A1,Băiatul are un măr.
Romanian,ro_enclitic_article,A1,Casa este roșie.
Romanian,ro_enclitic_article,A1,Mașina este rapidă.
Romanian,ro_enclitic_article,A1,Pâinea este bună.
Romanian,ro_enclitic_article,A1,Apa este rece.
Romanian,ro_neuter_gender,A1,Un tablou frumos este pe perete.
Romanian,ro_neuter_gender,A1,Două tablouri frumoase sunt pe perete.
Romanian,ro_neuter_gender,A1,Un telefon nou este scump.
Romanian,ro_neuter_gender,A1,Două telefoane noi sunt scumpe.
Romanian,ro_neuter_gender,A1,Un pahar plin este pe masă.
Romanian,ro_neuter_gender,A1,Două pahare pline sunt pe masă.
Romanian,ro_neuter_gender,A1,Un creion mare este aici.
Romanian,ro_neuter_gender,A1,Două creioane mari sunt aici.
Romanian,ro_subjunctive_sa,A2,Eu vreau să mănânc o pizza.
Romanian,ro_subjunctive_sa,A2,Tu poți să vorbești română?
Romanian,ro_subjunctive_sa,A2,El încearcă să învețe engleză.
Romanian,ro_subjunctive_sa,A2,Noi trebuie să mergem acasă.
Romanian,ro_subjunctive_sa,A2,Voi vreți să beți cafea?
Romanian,ro_subjunctive_sa,A2,Ei pot să vină mâine.
Romanian,ro_subjunctive_sa,A2,Ea trebuie să citească cartea.
Romanian,ro_subjunctive_sa,A2,Mie îmi place să ascult muzică.
Romanian,ro_cases_nom_gen,A2,Cartea este pe masă.
Romanian,ro_cases_nom_gen,A2,Dau cartea mamei.
Romanian,ro_cases_nom_gen,A2,Culoarea mașinii este roșie.
Romanian,ro_cases_nom_gen,A2,El merge la școală.
Romanian,ro_cases_nom_gen,A2,Numele fetei este Ana.
Romanian,ro_cases_nom_gen,A2,Ofer un cadou prietenului.
Romanian,ro_cases_nom_gen,A2,Jucăria copilului este nouă.
Romanian,ro_cases_nom_gen,A2,Vorbesc cu profesoara.
Romanian,ro_pe_clitic_doubling,B1,Îl văd pe profesor la universitate.
Romanian,ro_pe_clitic_doubling,B1,O cunosc pe Maria de mulți ani.
Romanian,ro_pe_clitic_doubling,B1,Îi ajutăm pe studenți cu proiectul.
Romanian,ro_pe_clitic_doubling,B1,Îl aștept pe tata acasă.
Romanian,ro_pe_clitic_doubling,B1,O sun pe sora mea în fiecare zi.
Romanian,ro_pe_clitic_doubling,B1,Îi invităm pe prieteni la cină.
Romanian,ro_pe_clitic_doubling,B1,Îl admir pe artist pentru munca lui.
Romanian,ro_pe_clitic_doubling,B1,O vizitez pe bunica în weekend.
Romanian,ro_possessive_articles,B1,Mașina este a tatălui meu.
Romanian,ro_possessive_articles,B1,Cartea este a profesoarei.
Romanian,ro_possessive_articles,B1,Câinele este al vecinului.
Romanian,ro_possessive_articles,B1,Ideile sunt ale studenților.
Romanian,ro_possessive_articles,B1,Casa este a familiei Popescu.
Romanian,ro_possessive_articles,B1,Bicicleta este a copilului.
Romanian,ro_possessive_articles,B1,Florile sunt ale bunicii.
Romanian,ro_possessive_articles,B1,Pixul este al colegului meu.
Bulgarian,bg_definite_article_suffix,A1,Къщата е голяма.
Bulgarian,bg_definite_article_suffix,A1,Столът е червен.
Bulgarian,bg_definite_article_suffix,A1,Масата е нова.
Bulgarian,bg_definite_article_suffix,A1,Книгата е интересна.
Bulgarian,bg_definite_article_suffix,A1,Моливът е къс.
Bulgarian,bg_definite_article_suffix,A1,Чантата е тежка.
Bulgarian,bg_definite_article_suffix,A1,Хлябът е вкусен.
Bulgarian,bg_definite_article_suffix,A1,Ябълката е зелена.
Bulgarian,bg_da_construction,A2,Искам да ям сега.
Bulgarian,bg_da_construction,A2,Трябва да уча повече.
Bulgarian,bg_da_construction,A2,Мога да говоря български.
Bulgarian,bg_da_construction,A2,Обичам да чета книги.
Bulgarian,bg_da_construction,A2,Искаш ли да пиеш вода?
Bulgarian,bg_da_construction,A2,Трябва да отидем до магазина.
Bulgarian,bg_da_construction,A2,Можете ли да ми помогнете?
Bulgarian,bg_da_construction,A2,Харесва ми да слушам музика.
Bulgarian,bg_aspect_basic,A2,Аз всяка сутрин пиша имейл.
Bulgarian,bg_aspect_basic,A2,Аз вече написах имейл.
Bulgarian,bg_aspect_basic,A2,Децата играят в парка сега.
Bulgarian,bg_aspect_basic,A2,Децата си поиграха и си тръгнаха.
Bulgarian,bg_aspect_basic,A2,Той чете книга всеки ден.
Bulgarian,bg_aspect_basic,A2,Той прочете книгата за един час.
Bulgarian,bg_aspect_basic,A2,Ние строим къща от месец.
Bulgarian,bg_aspect_basic,A2,Ние построихме къща миналата година.
Bulgarian,bg_aspect_past,B1,"Всяка сутрин тя пиеше кафе, преди да отиде на работа."
Bulgarian,bg_aspect_past,B1,Вчера той изпи едно кафе и си тръгна.
Bulgarian,bg_aspect_past,B1,"Когато бях дете, играех футбол всеки ден."
Bulgarian,bg_aspect_past,B1,В събота изиграхме един мач и после си почивахме.
Bulgarian,bg_aspect_past,B1,Тя често четеше книги във влака.
Bulgarian,bg_aspect_past,B1,Вчера прочете няколко страници от новата книга.
Bulgarian,bg_aspect_past,B1,Всяко лято ходехме на море за две седмици.
Bulgarian,bg_aspect_past,B1,Миналото лято отидохме на море само за уикенда.
Bulgarian,bg_clitic_doubling,B1,Видях я Мария в магазина.
Bulgarian,bg_clitic_doubling,B1,На него му харесва футболът.
Bulgarian,bg_clitic_doubling,B1,Разказах им на децата история.
Bulgarian,bg_clitic_doubling,B1,Купихме й на сестра ми подарък.
Bulgarian,bg_clitic_doubling,B1,Ще ги поканим приятелите на вечеря.
Bulgarian,bg_clitic_doubling,B1,Дадох му на учителя домашната работа.
Bulgarian,bg_clitic_doubling,B1,Обясних й на колежката задачата.
Bulgarian,bg_clitic_doubling,B1,Срещнахме ги туристите в центъра.
Bulgarian,bg_renarrative_mood,B2,Той бил много уморен след работа.
Bulgarian,bg_renarrative_mood,B2,"Тя каза, че била забравила чадъра си."
Bulgarian,bg_renarrative_mood,B2,"Разбрах, че времето щяло да се влоши."
Bulgarian,bg_renarrative_mood,B2,Те били пристигнали по-рано от очакваното.
Bulgarian,bg_renarrative_mood,B2,"Детето плачело, защото искало играчка."
Bulgarian,bg_renarrative_mood,B2,"Казват, че филмът бил много интересен."
Bulgarian,bg_renarrative_mood,B2,"Изглежда, че той бил заминал за чужбина."
Bulgarian,bg_renarrative_mood,B2,"Съседката разказа, че колата ѝ била повредена."
Czech,cs_gender_animacy,A1,Vidím pána.
Czech,cs_gender_animacy,A1,Vidím hrad.
Czech,cs_gender_animacy,A1,Mám bratra.
Czech,cs_gender_animacy,A1,Mám stůl.
Czech,cs_gender_animacy,A1,Znám studenta.
Czech,cs_gender_animacy,A1,Znám dům.
Czech,cs_gender_animacy,A1,Hledám otce.
Czech,cs_gender_animacy,A1,Hledám vlak.
Czech,cs_cases_basic,A2,To je můj pes.
Czech,cs_cases_basic,A2,Vidím velký dům.
Czech,cs_cases_basic,A2,Nemám žádné peníze.
Czech,cs_cases_basic,A2,On je student.
Czech,cs_cases_basic,A2,Koupím si kávu.
Czech,cs_cases_basic,A2,Mám málo času.
Czech,cs_cases_basic,A2,Jablko je červené.
Czech,cs_cases_basic,A2,Nechci žádnou vodu.
Czech,cs_aspect_basic,A2,Každý den čtu knihu.
Czech,cs_aspect_basic,A2,Dnes vařím večeři.
Czech,cs_aspect_basic,A2,Včera jsem psal email.
Czech,cs_aspect_basic,A2,Ráno jsem pil kávu.
Czech,cs_aspect_basic,A2,Teď uklízím pokoj.
Czech,cs_aspect_basic,A2,Děti si hrají venku.
Czech,cs_aspect_basic,A2,Často kupuji chleba.
Czech,cs_aspect_basic,A2,On mi pomáhal s úkolem.
Czech,cs_aspect_past,B1,Každé ráno jsem pil kávu.
Czech,cs_aspect_past,B1,Včera jsem si dal kávu.
Czech,cs_aspect_past,B1,Dříve jsem často chodil do kina.
Czech,cs_aspect_past,B1,Minulý týden jsem šel do kina na nový film.
Czech,cs_aspect_past,B1,Jako dítě jsem si hrál venku každý den.
Czech,cs_aspect_past,B1,Včera odpoledne jsem si hrál s kamarády.
Czech,cs_aspect_past,B1,Vždycky jsem četl knihy před spaním.
Czech,cs_aspect_past,B1,Včera večer jsem přečetl jednu kapitolu.
Czech,cs_clitic_word_order,B1,Včera jsme šli do kina.
Czech,cs_clitic_word_order,B1,Kde jsi byl?
Czech,cs_clitic_word_order,B1,Ona se dívá na televizi.
Czech,cs_clitic_word_order,B1,Kdy bys přišel?
Czech,cs_clitic_word_order,B1,To se mi líbí.
Czech,cs_clitic_word_order,B1,Zítra si koupím knihu.
Czech,cs_clitic_word_order,B1,On mi to řekl.
Czech,cs_clitic_word_order,B1,Proč bys to dělal?
Czech,cs_conditional_bych,B2,"Kdybych měl čas, šel bych s tebou do kina."
Czech,cs_conditional_bych,B2,"Kdyby pršelo, zůstali bychom doma."
Czech,cs_conditional_bych,B2,"Co bys dělal, kdybys vyhrál loterii?"
Czech,cs_conditional_bych,B2,"Byli byste rádi, kdybychom vám pomohli?"
Czech,cs_conditional_bych,B2,"Kdybychom věděli, přišli bychom dříve."
Czech,cs_conditional_bych,B2,"Myslím, že by se jí ten dárek líbil."
Czech,cs_conditional_bych,B2,"Určitě by mi to řekl, kdyby to věděl."
Czech,cs_conditional_bych,B2,"Kdyby byl doma, už by otevřel dveře."
Turkish,tr_vowel_harmony,A1,Kitaplar masada.
Turkish,tr_vowel_harmony,A1,Kalemler çantada.
Turkish,tr_vowel_harmony,A1,Evde kedi var.
Turkish,tr_vowel_harmony,A1,Okulda öğrenci çok.
Turkish,tr_vowel_harmony,A1,Bahçede çiçekler var.
Turkish,tr_vowel_harmony,A1,Odada ışık yok.
Turkish,tr_vowel_harmony,A1,Arabada anahtar var.
Turkish,tr_vowel_harmony,A1,Defterler rafta.
Turkish,tr_case_suffixes,A2,Kitabı masaya koydum.
Turkish,tr_case_suffixes,A2,Evde yemek yedik.
Turkish,tr_case_suffixes,A2,Okuldan geliyorum.
Turkish,tr_case_suffixes,A2,Kalemi çantadan çıkardım.
Turkish,tr_case_suffixes,A2,Annem markete gitti.
Turkish,tr_case_suffixes,A2,Arkadaşlarım parkta oynuyor.
Turkish,tr_case_suffixes,A2,Çocuklar bahçeden koştu.
Turkish,tr_case_suffixes,A2,Su şişesini arabaya koy.
Turkish,tr_possessive_suffixes,A2,Kalemim masada.
Turkish,tr_possessive_suffixes,A2,Evin nerede?
Turkish,tr_possessive_suffixes,A2,Kitabı çok güzel.
Turkish,tr_possessive_suffixes,A2,Arabamız eski.
Turkish,tr_possessive_suffixes,A2,Okulunuz büyük mü?
Turkish,tr_possessive_suffixes,A2,Anneleri burada çalışıyor.
Turkish,tr_possessive_suffixes,A2,Çantam ağır.
Turkish,tr_possessive_suffixes,A2,Köpeği çok hızlı koşuyor.
Turkish,tr_question_particle,A1,Bu elma mı?
Turkish,tr_question_particle,A1,Sen öğrenci misin?
Turkish,tr_question_particle,A1,O doktor mu?
Turkish,tr_question_particle,A1,Bu güzel mi?
Turkish,tr_question_particle,A1,Sen aç mısın?
Turkish,tr_question_particle,A1,Ev büyük mü?
Turkish,tr_question_particle,A1,Bu sıcak mı?
Turkish,tr_question_particle,A1,O öğretmen mi?
Turkish,tr_evidential_past,B1,Annem dün pasta yaptı.
Turkish,tr_evidential_past,B1,Annem dün pasta yapmış.
Turkish,tr_evidential_past,B1,Arkadaşım geçen hafta tatile gitti.
Turkish,tr_evidential_past,B1,Arkadaşım geçen hafta tatile gitmiş.
Turkish,tr_evidential_past,B1,Çocuklar bahçede top oynadı.
Turkish,tr_evidential_past,B1,Çocuklar bahçede top oynamış.
Turkish,tr_evidential_past,B1,O yeni bir araba aldı.
Turkish,tr_evidential_past,B1,O yeni bir araba almış.
Turkish,tr_agglutinative_verbs,B1,Konuşamadım çünkü çok utandım.
Turkish,tr_agglutinative_verbs,B1,"Gelemeyeceğim, işim var."
Turkish,tr_agglutinative_verbs,B1,"Yazamayabilirim, kalemim yok."
Turkish,tr_agglutinative_verbs,B1,Anlayamayacak mısın?
Turkish,tr_agglutinative_verbs,B1,"Koşamayız, hava çok sıcak."
Turkish,tr_agglutinative_verbs,B1,Gidemediniz mi?
Turkish,tr_agglutinative_verbs,B1,Bekleyemeyecekler mi?
Turkish,tr_agglutinative_verbs,B1,"Yiyemedi, çünkü çok doluydu."
Swedish,sv_en_ett_gender,A1,Jag har en stor katt.
Swedish,sv_en_ett_gender,A1,Det är ett litet bord.
Swedish,sv_en_ett_gender,A1,Hon äter en god pizza.
Swedish,sv_en_ett_gender,A1,Vi ser ett gammalt hus.
Swedish,sv_en_ett_gender,A1,Vill du ha en varm smörgås?
Swedish,sv_en_ett_gender,A1,De köper ett nytt äpple.
Swedish,sv_en_ett_gender,A1,Han har en blå bil.
Swedish,sv_en_ett_gender,A1,Det är ett roligt spel.
Swedish,sv_definite_suffix,A1,Boken är ny.
Swedish,sv_definite_suffix,A1,Huset är stort.
Swedish,sv_definite_suffix,A1,Bilen är röd.
Swedish,sv_definite_suffix,A1,Katten sover.
Swedish,sv_definite_suffix,A1,Bordet är runt.
Swedish,sv_definite_suffix,A1,Flickan äter en banan.
Swedish,sv_definite_suffix,A1,Pojken läser tidningen.
Swedish,sv_definite_suffix,A1,Vattnet är kallt.
Swedish,sv_adjective_agreement,A2,Jag har en stor bil.
Swedish,sv_adjective_agreement,A2,Huset är stort.
Swedish,sv_adjective_agreement,A2,De har stora hus.
Swedish,sv_adjective_agreement,A2,Min mamma har en ny kappa.
Swedish,sv_adjective_agreement,A2,Barnet har ett nytt spel.
Swedish,sv_adjective_agreement,A2,Vi köper nya skor.
Swedish,sv_adjective_agreement,A2,Han har en röd tröja.
Swedish,sv_adjective_agreement,A2,Det är ett rött äpple.
Swedish,sv_double_definiteness,A2,Den lilla katten sover.
Swedish,sv_double_definiteness,A2,Det röda huset är stort.
Swedish,sv_double_definiteness,A2,De nya böckerna är intressanta.
Swedish,sv_double_definiteness,A2,Den gamla bilen är billig.
Swedish,sv_double_definiteness,A2,Det gröna äpplet är gott.
Swedish,sv_double_definiteness,A2,De snälla barnen leker.
Swedish,sv_double_definiteness,A2,Den varma tröjan är skön.
Swedish,sv_double_definiteness,A2,Det kalla vattnet är friskt.
Swedish,sv_v2_word_order,B1,I dag äter vi middag tidigt.
Swedish,sv_v2_word_order,B1,På morgonen dricker jag kaffe.
Swedish,sv_v2_word_order,B1,Efter jobbet går hon hem.
Swedish,sv_v2_word_order,B1,Nästa vecka reser de till Spanien.
Swedish,sv_v2_word_order,B1,Ofta läser han böcker.
Swedish,sv_v2_word_order,B1,Till dig köper jag en present.
Swedish,sv_v2_word_order,B1,Här bor mina föräldrar.
Swedish,sv_v2_word_order,B1,Snart börjar filmen.
Swedish,sv_reflexive_possessive,B1,Hon glömde sin väska hemma.
Swedish,sv_reflexive_possessive,B1,Pojken leker med sin nya boll.
Swedish,sv_reflexive_possessive,B1,Han tog med sig sina egna smörgåsar.
Swedish,sv_reflexive_possessive,B1,De målade om sitt hus förra veckan.
Swedish,sv_reflexive_possessive,B1,Hon älskar sin hund väldigt mycket.
Swedish,sv_reflexive_possessive,B1,Han tvättade sin bil på lördagen.
Swedish,sv_reflexive_possessive,B1,Katterna slickar sina tassar rena.
Swedish,sv_reflexive_possessive,B1,Jonas träffade Erik och hans fru.
Spanish,es_verb_rows_1,A2,ser - fui - sido
Spanish,es_verb_rows_1,A2,ir - fui - ido
Spanish,es_verb_rows_1,A2,estar - estuve - estado
Spanish,es_verb_rows_1,A2,tener - tuve - tenido
Spanish,es_verb_rows_1,A2,poder - pude - podido
Spanish,es_verb_rows_1,A2,decir - dije - dicho
Spanish,es_verb_rows_1,A2,ver - vi - visto
Spanish,es_verb_rows_1,A2,dar - di - dado
Spanish,es_verb_rows_2,B1,hacer - hice - hecho
Spanish,es_verb_rows_2,B1,querer - quise - querido
Spanish,es_verb_rows_2,B1,venir - vine - venido
Spanish,es_verb_rows_2,B1,poner - puse - puesto
Spanish,es_verb_rows_2,B1,saber - supe - sabido
Spanish,es_verb_rows_2,B1,oír - oí - oído
Spanish,es_verb_rows_2,B1,salir - salí - salido
Spanish,es_verb_rows_2,B1,traer - traje - traído
Spanish,es_verb_rows_3,B1,caber - cupe - cabido
Spanish,es_verb_rows_3,B1,conducir - conduje - conducido
Spanish,es_verb_rows_3,B1,conocer - conocí - conocido
Spanish,es_verb_rows_3,B1,haber - hube - habido
Spanish,es_verb_rows_3,B1,leer - leí - leído
Spanish,es_verb_rows_3,B1,pensar - pensé - pensado
Spanish,es_verb_rows_3,B1,pedir - pedí - pedido
Spanish,es_verb_rows_3,B1,sentir - sentí - sentido
French,fr_verb_rows_1,A2,être - je suis - été
French,fr_verb_rows_1,A2,avoir - j'ai - eu
French,fr_verb_rows_1,A2,aller - je vais - allé
French,fr_verb_rows_1,A2,venir - je viens - venu
French,fr_verb_rows_1,A2,voir - je vois - vu
French,fr_verb_rows_1,A2,pouvoir - je peux - pu
French,fr_verb_rows_1,A2,vouloir - je veux - voulu
French,fr_verb_rows_1,A2,savoir - je sais - su
French,fr_verb_rows_2,B1,prendre - je prends - pris
French,fr_verb_rows_2,B1,dire - je dis - dit
French,fr_verb_rows_2,B1,faire - je fais - fait
French,fr_verb_rows_2,B1,mettre - je mets - mis
French,fr_verb_rows_2,B1,devoir - je dois - dû
French,fr_verb_rows_2,B1,lire - je lis - lu
French,fr_verb_rows_2,B1,écrire - j'écris - écrit
French,fr_verb_rows_2,B1,connaître - je connais - connu
French,fr_verb_rows_3,B1,croire - je crois - cru
French,fr_verb_rows_3,B1,ouvrir - j'ouvre - ouvert
French,fr_verb_rows_3,B1,boire - je bois - bu
French,fr_verb_rows_3,B1,vivre - je vis - vécu
French,fr_verb_rows_3,B1,recevoir - je reçois - reçu
French,fr_verb_rows_3,B1,courir - je cours - couru
French,fr_verb_rows_3,B1,perdre - je perds - perdu
French,fr_verb_rows_3,B1,dormir - je dors - dormi
German,de_verb_rows_1,A2,sein - war - gewesen
German,de_verb_rows_1,A2,haben - hatte - gehabt
German,de_verb_rows_1,A2,werden - wurde - geworden
German,de_verb_rows_1,A2,können - konnte - gekonnt
German,de_verb_rows_1,A2,müssen - musste - gemusst
German,de_verb_rows_1,A2,sagen - sagte - gesagt
German,de_verb_rows_1,A2,machen - machte - gemacht
German,de_verb_rows_1,A2,geben - gab - gegeben
German,de_verb_rows_2,B1,essen - aß - gegessen
German,de_verb_rows_2,B1,fahren - fuhr - gefahren
German,de_verb_rows_2,B1,finden - fand - gefunden
German,de_verb_rows_2,B1,fliegen - flog - geflogen
German,de_verb_rows_2,B1,gehen - ging - gegangen
German,de_verb_rows_2,B1,gewinnen - gewann - gewonnen
German,de_verb_rows_2,B1,halten - hielt - gehalten
German,de_verb_rows_2,B1,helfen - half - geholfen
German,de_verb_rows_3,B1,trinken - trank - getrunken
German,de_verb_rows_3,B1,wissen - wusste - gewusst
German,de_verb_rows_3,B1,schlafen - schlief - geschlafen
German,de_verb_rows_3,B1,treffen - traf - getroffen
German,de_verb_rows_3,B1,ziehen - zog - gezogen
German,de_verb_rows_3,B1,waschen - wusch - gewaschen
German,de_verb_rows_3,B1,verlieren - verlor - verloren
German,de_verb_rows_3,B1,sitzen - saß - gesessen
Italian,it_verb_rows_1,A2,essere - sono - stato
Italian,it_verb_rows_1,A2,avere - ho - avuto
Italian,it_verb_rows_1,A2,andare - vado - andato
Italian,it_verb_rows_1,A2,dire - dico - detto
Italian,it_verb_rows_1,A2,venire - vengo - venuto
Italian,it_verb_rows_1,A2,dare - do - dato
Italian,it_verb_rows_1,A2,potere - posso - potuto
Italian,it_verb_rows_1,A2,volere - voglio - voluto
Italian,it_verb_rows_2,B1,bere - bevo - bevuto
Italian,it_verb_rows_2,B1,conoscere - conosco - conosciuto
Italian,it_verb_rows_2,B1,dovere - devo - dovuto
Italian,it_verb_rows_2,B1,leggere - leggo - letto
Italian,it_verb_rows_2,B1,mettere - metto - messo
Italian,it_verb_rows_2,B1,nascere - nasco - nato
Italian,it_verb_rows_2,B1,prendere - prendo - preso
Italian,it_verb_rows_2,B1,sapere - so - saputo
Italian,it_verb_rows_3,B1,vedere - vedo - visto
Italian,it_verb_rows_3,B1,rimanere - rimango - rimasto
Italian,it_verb_rows_3,B1,scrivere - scrivo - scritto
Italian,it_verb_rows_3,B1,aprire - apro - aperto
Italian,it_verb_rows_3,B1,vivere - vivo - vissuto
Italian,it_verb_rows_3,B1,offrire - offro - offerto
Italian,it_verb_rows_3,B1,decidere - decido - deciso
Italian,it_verb_rows_3,B1,chiedere - chiedo - chiesto
Portuguese,pt_verb_rows_1,A2,ser - fui - sido
Portuguese,pt_verb_rows_1,A2,ir - fui - ido
Portuguese,pt_verb_rows_1,A2,ter - tive - tido
Portuguese,pt_verb_rows_1,A2,estar - estive - estado
Portuguese,pt_verb_rows_1,A2,dar - dei - dado
Portuguese,pt_verb_rows_1,A2,ver - vi - visto
Portuguese,pt_verb_rows_1,A2,vir - vim - vindo
Portuguese,pt_verb_rows_1,A2,pôr - pus - posto
Portuguese,pt_verb_rows_2,B1,dizer - disse - dito
Portuguese,pt_verb_rows_2,B1,fazer - fiz - feito
Portuguese,pt_verb_rows_2,B1,saber - soube - sabido
Portuguese,pt_verb_rows_2,B1,trazer - trouxe - trazido
Portuguese,pt_verb_rows_2,B1,ouvir - ouvi - ouvido
Portuguese,pt_verb_rows_2,B1,ler - li - lido
Portuguese,pt_verb_rows_2,B1,pedir - pedi - pedido
Portuguese,pt_verb_rows_2,B1,sair - saí - saído
Portuguese,pt_verb_rows_3,B1,caber - coube - cabido
Portuguese,pt_verb_rows_3,B1,conhecer - conheci - conhecido
Portuguese,pt_verb_rows_3,B1,crer - cri - crido
Portuguese,pt_verb_rows_3,B1,haver - houve - havido
Portuguese,pt_verb_rows_3,B1,manter - mantive - mantido
Portuguese,pt_verb_rows_3,B1,perder - perdi - perdido
Portuguese,pt_verb_rows_3,B1,poder - pude - podido
Portuguese,pt_verb_rows_3,B1,querer - quis - querido
Catalan,ca_verb_rows_1,A2,ser - sóc - estat
Catalan,ca_verb_rows_1,A2,anar - vaig - anat
Catalan,ca_verb_rows_1,A2,tenir - tinc - tingut
Catalan,ca_verb_rows_1,A2,venir - vinc - vingut
Catalan,ca_verb_rows_1,A2,dir - dic - dit
Catalan,ca_verb_rows_1,A2,fer - faig - fet
Catalan,ca_verb_rows_1,A2,poder - puc - pogut
Catalan,ca_verb_rows_1,A2,voler - vull - volgut
Catalan,ca_verb_rows_2,B1,estar - estic - estat
Catalan,ca_verb_rows_2,B1,haver - he - hagut
Catalan,ca_verb_rows_2,B1,saber - sé - sabut
Catalan,ca_verb_rows_2,B1,veure - veig - vist
Catalan,ca_verb_rows_2,B1,donar - dono - donat
Catalan,ca_verb_rows_2,B1,prendre - prenc - pres
Catalan,ca_verb_rows_2,B1,sentir - sento - sentit
Catalan,ca_verb_rows_2,B1,viure - visc - viscut
Catalan,ca_verb_rows_3,B1,conèixer - conec - conegut
Catalan,ca_verb_rows_3,B1,creure - crec - cregut
Catalan,ca_verb_rows_3,B1,escriure - escric - escrit
Catalan,ca_verb_rows_3,B1,obrir - obro - obert
Catalan,ca_verb_rows_3,B1,patir - pateixo - patit
Catalan,ca_verb_rows_3,B1,resoldre - resolc - resolt
Catalan,ca_verb_rows_3,B1,romandre - romanc - romàs
Catalan,ca_verb_rows_3,B1,treure - trec - tret
Dutch,nl_verb_rows_1,A2,zijn - was - geweest
Dutch,nl_verb_rows_1,A2,hebben - had - gehad
Dutch,nl_verb_rows_1,A2,lopen - liep - gelopen
Dutch,nl_verb_rows_1,A2,kunnen - kon - gekund
Dutch,nl_verb_rows_1,A2,moeten - moest - gemoeten
Dutch,nl_verb_rows_1,A2,willen - wilde/wou - gewild
Dutch,nl_verb_rows_1,A2,gaan - ging - gegaan
Dutch,nl_verb_rows_1,A2,komen - kwam - gekomen
Dutch,nl_verb_rows_2,B1,doen - deed - gedaan
Dutch,nl_verb_rows_2,B1,zien - zag - gezien
Dutch,nl_verb_rows_2,B1,staan - stond - gestaan
Dutch,nl_verb_rows_2,B1,geven - gaf - gegeven
Dutch,nl_verb_rows_2,B1,weten - wist - geweten
Dutch,nl_verb_rows_2,B1,denken - dacht - gedacht
Dutch,nl_verb_rows_2,B1,vinden - vond - gevonden
Dutch,nl_verb_rows_2,B1,vragen - vroeg - gevraagd
Dutch,nl_verb_rows_3,B1,brengen - bracht - gebracht
Dutch,nl_verb_rows_3,B1,helpen - hielp - geholpen
Dutch,nl_verb_rows_3,B1,eten - at - gegeten
Dutch,nl_verb_rows_3,B1,liggen - lag - gelegen
Dutch,nl_verb_rows_3,B1,drinken - dronk - gedronken
Dutch,nl_verb_rows_3,B1,blijven - bleef - gebleven
Dutch,nl_verb_rows_3,B1,lezen - las - gelezen
Dutch,nl_verb_rows_3,B1,schrijven - schreef - geschreven
Swedish,sv_verb_rows_1,A2,vara - var - varit
Swedish,sv_verb_rows_1,A2,ha - hade - haft
Swedish,sv_verb_rows_1,A2,bli - blev - blivit
Swedish,sv_verb_rows_1,A2,kunna - kunde - kunnat
Swedish,sv_verb_rows_1,A2,vilja - ville - velat
Swedish,sv_verb_rows_1,A2,få - fick - fått
Swedish,sv_verb_rows_1,A2,säga - sade/sa - sagt
Swedish,sv_verb_rows_1,A2,komma - kom - kommit
Swedish,sv_verb_rows_2,B1,binda - band - bundit
Swedish,sv_verb_rows_2,B1,bjuda - bjöd - bjudit
Swedish,sv_verb_rows_2,B1,bära - bar - burit
Swedish,sv_verb_rows_2,B1,dra - drog - dragit
Swedish,sv_verb_rows_2,B1,dricka - drack - druckit
Swedish,sv_verb_rows_2,B1,falla - föll - fallit
Swedish,sv_verb_rows_2,B1,finna - fann - funnit
Swedish,sv_verb_rows_2,B1,flyga - flög - flugit
Swedish,sv_verb_rows_3,B1,brista - brast - brustit
Swedish,sv_verb_rows_3,B1,bryta - bröt - brutit
Swedish,sv_verb_rows_3,B1,bita - bet - bitit
Swedish,sv_verb_rows_3,B1,böra - borde - bort
Swedish,sv_verb_rows_3,B1,dö - dog - dött
Swedish,sv_verb_rows_3,B1,fara - for - farit
Swedish,sv_verb_rows_3,B1,flyta - flöt - flutit
Swedish,sv_verb_rows_3,B1,frysa - frös - frusit
Romanian,ro_verb_rows_1,A2,a fi - sunt - fost
Romanian,ro_verb_rows_1,A2,a avea - am - avut
Romanian,ro_verb_rows_1,A2,a merge - merg - mers
Romanian,ro_verb_rows_1,A2,a veni - vin - venit
Romanian,ro_verb_rows_1,A2,a zice - zic - zis
Romanian,ro_verb_rows_1,A2,a vrea - vreau - vrut
Romanian,ro_verb_rows_1,A2,a da - dau - dat
Romanian,ro_verb_rows_1,A2,a sta - stau - stat
Romanian,ro_verb_rows_2,B1,a ști - știu - știut
Romanian,ro_verb_rows_2,B1,a bea - beau - băut
Romanian,ro_verb_rows_2,B1,a putea - pot - putut
Romanian,ro_verb_rows_2,B1,a tăcea - tac - tăcut
Romanian,ro_verb_rows_2,B1,a începe - încep - început
Romanian,ro_verb_rows_2,B1,a face - fac - făcut
Romanian,ro_verb_rows_2,B1,a plânge - plâng - plâns
Romanian,ro_verb_rows_2,B1,a scrie - scriu - scris
Romanian,ro_verb_rows_3,B1,a pune - pun - pus
Romanian,ro_verb_rows_3,B1,a vedea - văd - văzut
Romanian,ro_verb_rows_3,B1,a reține - rețin - reținut
Romanian,ro_verb_rows_3,B1,a rupe - rup - rupt
Romanian,ro_verb_rows_3,B1,a sparge - sparg - spart
Romanian,ro_verb_rows_3,B1,a ședea - șed - șezut
Romanian,ro_verb_rows_3,B1,a trimite - trimit - trimis
Romanian,ro_verb_rows_3,B1,a trage - trag - tras
Russian,ru_verb_rows_1,A2,говорить - сказать - сказал
Russian,ru_verb_rows_1,A2,открывать - открыть - открыл
Russian,ru_verb_rows_1,A2,понимать - понять - понял
Russian,ru_verb_rows_1,A2,смотреть - посмотреть - посмотрел
Russian,ru_verb_rows_1,A2,видеть - увидеть - увидел
Russian,ru_verb_rows_1,A2,хотеть - захотеть - захотел
Russian,ru_verb_rows_1,A2,давать - дать - дал
Russian,ru_verb_rows_1,A2,брать - взять - взял
Russian,ru_verb_rows_2,B1,думать - подумать - подумал
Russian,ru_verb_rows_2,B1,идти - пойти - пошёл
Russian,ru_verb_rows_2,B1,писать - написать - написал
Russian,ru_verb_rows_2,B1,жить - прожить - прожил
Russian,ru_verb_rows_2,B1,делать - сделать - сделал
Russian,ru_verb_rows_2,B1,читать - прочитать - прочитал
Russian,ru_verb_rows_2,B1,спрашивать - спросить - спросил
Russian,ru_verb_rows_2,B1,отвечать - ответить - ответил
Russian,ru_verb_rows_3,B1,бежать - побежать - побежал
Russian,ru_verb_rows_3,B1,верить - поверить - поверил
Russian,ru_verb_rows_3,B1,встречать - встретить - встретил
Russian,ru_verb_rows_3,B1,дарить - подарить - подарил
Russian,ru_verb_rows_3,B1,ездить - съездить - съездил
Russian,ru_verb_rows_3,B1,забывать - забыть - забыл
Russian,ru_verb_rows_3,B1,закрывать - закрыть - закрыл
Russian,ru_verb_rows_3,B1,играть - сыграть - сыграл
Ukrainian,uk_verb_rows_1,A2,робити - зробити - зробив
Ukrainian,uk_verb_rows_1,A2,починати - почати - почав
Ukrainian,uk_verb_rows_1,A2,обирати - обрати - обрав
Ukrainian,uk_verb_rows_1,A2,давати - дати - дав
Ukrainian,uk_verb_rows_1,A2,брати - взяти - взяв
Ukrainian,uk_verb_rows_1,A2,їсти - з'їсти - з'їв
Ukrainian,uk_verb_rows_1,A2,пити - випити - випив
Ukrainian,uk_verb_rows_1,A2,бачити - побачити - побачив
Ukrainian,uk_verb_rows_2,B1,іти - піти - пішов
Ukrainian,uk_verb_rows_2,B1,говорити - сказати - сказав
Ukrainian,uk_verb_rows_2,B1,знаходити - знайти - знайшов
Ukrainian,uk_verb_rows_2,B1,купувати - купити - купив
Ukrainian,uk_verb_rows_2,B1,читати - прочитати - прочитав
Ukrainian,uk_verb_rows_2,B1,писати - написати - написав
Ukrainian,uk_verb_rows_2,B1,розуміти - зрозуміти - зрозумів
Ukrainian,uk_verb_rows_2,B1,відкривати - відкрити - відкрив
Ukrainian,uk_verb_rows_3,B1,допомагати - допомогти - допоміг
Ukrainian,uk_verb_rows_3,B1,зустрічати - зустріти - зустрів
Ukrainian,uk_verb_rows_3,B1,відповідати - відповісти - відповів
Ukrainian,uk_verb_rows_3,B1,просити - попросити - попросив
Ukrainian,uk_verb_rows_3,B1,співати - заспівати - заспівав
Ukrainian,uk_verb_rows_3,B1,закривати - закрити - закрив
Ukrainian,uk_verb_rows_3,B1,чути - почути - почув
Ukrainian,uk_verb_rows_3,B1,дякувати - подякувати - подякував
Polish,pl_verb_rows_1,A2,mówić - powiedzieć - powiedział
Polish,pl_verb_rows_1,A2,iść - pójść - poszedł
Polish,pl_verb_rows_1,A2,widzieć - zobaczyć - zobaczył
Polish,pl_verb_rows_1,A2,dawać - dać - dał
Polish,pl_verb_rows_1,A2,robić - zrobić - zrobił
Polish,pl_verb_rows_1,A2,zaczynać - zacząć - zaczął
Polish,pl_verb_rows_1,A2,otwierać - otworzyć - otworzył
Polish,pl_verb_rows_1,A2,zamykać - zamknąć - zamknął
Polish,pl_verb_rows_2,B1,kupować - kupić - kupił
Polish,pl_verb_rows_2,B1,pisać - napisać - napisał
Polish,pl_verb_rows_2,B1,czytać - przeczytać - przeczytał
Polish,pl_verb_rows_2,B1,brać - wziąć - wziął
Polish,pl_verb_rows_2,B1,jeść - zjeść - zjadł
Polish,pl_verb_rows_2,B1,pić - wypić - wypił
Polish,pl_verb_rows_2,B1,poznawać - poznać - poznał
Polish,pl_verb_rows_2,B1,uczyć się - nauczyć się - nauczył się
Polish,pl_verb_rows_3,B1,gotować - ugotować - ugotował
Polish,pl_verb_rows_3,B1,myć - umyć - umył
Polish,pl_verb_rows_3,B1,płacić - zapłacić - zapłacił
Polish,pl_verb_rows_3,B1,słuchać - posłuchać - posłuchał
Polish,pl_verb_rows_3,B1,spać - pospać - pospał
Polish,pl_verb_rows_3,B1,stać - postać - postał
Polish,pl_verb_rows_3,B1,szukać - poszukać - poszukał
Polish,pl_verb_rows_3,B1,wracać - wrócić - wrócił
Czech,cs_verb_rows_1,A2,přicházet - přijít - přišel
Czech,cs_verb_rows_1,A2,dívat se - podívat se - podíval se
Czech,cs_verb_rows_1,A2,brát - vzít - vzal
Czech,cs_verb_rows_1,A2,dávat - dát - dal
Czech,cs_verb_rows_1,A2,mluvit - promluvit - promluvil
Czech,cs_verb_rows_1,A2,vidět - uvidět - uviděl
Czech,cs_verb_rows_1,A2,dozvídat se - dozvědět se - dozvěděl se
Czech,cs_verb_rows_1,A2,říkat - říct - řekl
Czech,cs_verb_rows_2,B1,číst - přečíst - přečetl
Czech,cs_verb_rows_2,B1,psát - napsat - napsal
Czech,cs_verb_rows_2,B1,kupovat - koupit - koupil
Czech,cs_verb_rows_2,B1,jíst - sníst - snědl
Czech,cs_verb_rows_2,B1,pít - vypít - vypil
Czech,cs_verb_rows_2,B1,platit - zaplatit - zaplatil
Czech,cs_verb_rows_2,B1,ptát se - zeptat se - zeptal se
Czech,cs_verb_rows_2,B1,pomáhat - pomoct - pomohl
Czech,cs_verb_rows_3,B1,nacházet - najít - našel
Czech,cs_verb_rows_3,B1,učit se - naučit se - naučil se
Czech,cs_verb_rows_3,B1,zavírat - zavřít - zavřel
Czech,cs_verb_rows_3,B1,otevírat - otevřít - otevřel
Czech,cs_verb_rows_3,B1,dostávat - dostat - dostal
Czech,cs_verb_rows_3,B1,čekat - počkat - počkal
Czech,cs_verb_rows_3,B1,začínat - začít - začal
Czech,cs_verb_rows_3,B1,končit - skončit - skončil
Bulgarian,bg_verb_rows_1,A2,чета - прочета - прочетох
Bulgarian,bg_verb_rows_1,A2,идвам - дойда - дойдох
Bulgarian,bg_verb_rows_1,A2,ставам - стана - станах
Bulgarian,bg_verb_rows_1,A2,влизам - вляза - влязох
Bulgarian,bg_verb_rows_1,A2,излизам - изляза - излязох
Bulgarian,bg_verb_rows_1,A2,отивам - отида - отидох
Bulgarian,bg_verb_rows_1,A2,казвам - кажа - казах
Bulgarian,bg_verb_rows_1,A2,питам - попитам - попитах
Bulgarian,bg_verb_rows_2,B1,давам - дам - дадох
Bulgarian,bg_verb_rows_2,B1,виждам - видя - видях
Bulgarian,bg_verb_rows_2,B1,вървя - тръгна - тръгнах
Bulgarian,bg_verb_rows_2,B1,говоря - поговоря - поговорих
Bulgarian,bg_verb_rows_2,B1,работя - поработя - поработих
Bulgarian,bg_verb_rows_2,B1,разбирам - разбера - разбрах
Bulgarian,bg_verb_rows_2,B1,искам - поискам - поисках
Bulgarian,bg_verb_rows_2,B1,започвам - започна - започнах
Bulgarian,bg_verb_rows_3,B1,плащам - платя - платих
Bulgarian,bg_verb_rows_3,B1,гледам - погледна - погледнах
Bulgarian,bg_verb_rows_3,B1,купувам - купя - купих
Bulgarian,bg_verb_rows_3,B1,уча - науча - научих
Bulgarian,bg_verb_rows_3,B1,пиша - напиша - написах
Bulgarian,bg_verb_rows_3,B1,свалям - сваля - свалих
Bulgarian,bg_verb_rows_3,B1,взимам - взема - взех
Bulgarian,bg_verb_rows_3,B1,отварям - отворя - отворих
Turkish,tr_verb_rows_1,A2,gelmek - gelir - geldi
Turkish,tr_verb_rows_1,A2,görmek - görür - gördü
Turkish,tr_verb_rows_1,A2,durmak - durur - durdu
Turkish,tr_verb_rows_1,A2,vermek - verir - verdi
Turkish,tr_verb_rows_1,A2,ölmek - ölür - öldü
Turkish,tr_verb_rows_1,A2,kalmak - kalır - kaldı
Turkish,tr_verb_rows_1,A2,bulmak - bulur - buldu
Turkish,tr_verb_rows_1,A2,vurmak - vurur - vurdu
Japanese,ja_verb_rows_1,A2,行く - 行きます - 行って
Japanese,ja_verb_rows_1,A2,ある - あります - あって
Japanese,ja_verb_rows_1,A2,言う - 言います - 言って
Japanese,ja_verb_rows_1,A2,する - します - して
Japanese,ja_verb_rows_1,A2,見る - 見ます - 見て
Japanese,ja_verb_rows_1,A2,来る - 来ます - 来て
Japanese,ja_verb_rows_1,A2,出す - 出します - 出して
Japanese,ja_verb_rows_1,A2,持つ - 持ちます - 持って
Japanese,ja_verb_rows_2,B1,食べる - 食べます - 食べて
Japanese,ja_verb_rows_2,B1,買う - 買います - 買って
Japanese,ja_verb_rows_2,B1,読む - 読みます - 読んで
Japanese,ja_verb_rows_2,B1,書く - 書きます - 書いて
Japanese,ja_verb_rows_2,B1,聞く - 聞きます - 聞いて
Japanese,ja_verb_rows_2,B1,話す - 話します - 話して
Japanese,ja_verb_rows_2,B1,起きる - 起きます - 起きて
Japanese,ja_verb_rows_2,B1,寝る - 寝ます - 寝て
Japanese,ja_verb_rows_3,B1,走る - 走ります - 走って
Japanese,ja_verb_rows_3,B1,待つ - 待ちます - 待って
Japanese,ja_verb_rows_3,B1,帰る - 帰ります - 帰って
Japanese,ja_verb_rows_3,B1,死ぬ - 死にます - 死んで
Japanese,ja_verb_rows_3,B1,遊ぶ - 遊びます - 遊んで
Japanese,ja_verb_rows_3,B1,働く - 働きます - 働いて
Japanese,ja_verb_rows_3,B1,教える - 教えます - 教えて
Japanese,ja_verb_rows_3,B1,泳ぐ - 泳ぎます - 泳いで
Korean,ko_verb_rows_1,A2,돕다 - 도와요 - 도왔어요
Korean,ko_verb_rows_1,A2,묻다 - 물어요 - 물었어요
Korean,ko_verb_rows_1,A2,자르다 - 잘라요 - 잘랐어요
Korean,ko_verb_rows_1,A2,짓다 - 지어요 - 지었어요
Korean,ko_verb_rows_1,A2,보다 - 봐요 - 봤어요
Korean,ko_verb_rows_1,A2,오다 - 와요 - 왔어요
Korean,ko_verb_rows_1,A2,주다 - 줘요 - 줬어요
Korean,ko_verb_rows_1,A2,배우다 - 배워요 - 배웠어요
Korean,ko_verb_rows_2,B1,덥다 - 더워요 - 더웠어요
Korean,ko_verb_rows_2,B1,듣다 - 들어요 - 들었어요
Korean,ko_verb_rows_2,B1,바쁘다 - 바빠요 - 바빴어요
Korean,ko_verb_rows_2,B1,낫다 - 나아요 - 나았어요
Korean,ko_verb_rows_2,B1,있다 - 있어요 - 있었어요
Korean,ko_verb_rows_2,B1,기쁘다 - 기뻐요 - 기뻤어요
Korean,ko_verb_rows_2,B1,부르다 - 불러요 - 불렀어요
Korean,ko_verb_rows_2,B1,걷다 - 걸어요 - 걸었어요
Korean,ko_verb_rows_3,B1,가르치다 - 가르쳐요 - 가르쳤어요
Korean,ko_verb_rows_3,B1,다르다 - 달라요 - 달랐어요
Korean,ko_verb_rows_3,B1,벗다 - 벗어요 - 벗었어요
Korean,ko_verb_rows_3,B1,입다 - 입어요 - 입었어요
Korean,ko_verb_rows_3,B1,눕다 - 누워요 - 누웠어요
Korean,ko_verb_rows_3,B1,만들다 - 만들어요 - 만들었어요
Korean,ko_verb_rows_3,B1,모르다 - 몰라요 - 몰랐어요
Korean,ko_verb_rows_3,B1,울다 - 울어요 - 울었어요
