lang,level,topic_en,question
French,A1,your favorite color and why,Quelle est ta couleur préférée et pourquoi?
French,A1,your favorite place to eat,Quel est votre endroit préféré pour manger?
French,A1,your plans for the weekend,Qu'est-ce que tu vas faire ce week-end ?
French,A1,your favorite app or website,Quel est ton site web préféré pour regarder des vidéos ?
French,A1,your typical breakfast,Qu'est-ce que tu manges typiquement au petit-déjeuner ?
French,A1,your morning routine,Qu'est-ce que tu fais le matin ?
English,A1,your favorite season and why,What is your favorite season and why do you like it?
English,A1,a movie or show you watched recently,Did you like the film you watched last night?
English,A1,a pet you have or would like to have,Do you like dogs?
English,A1,how many people are in your family,How many people are in your family?
English,A1,your favorite way to relax,What do you like to do to unwind?
English,A1,a game you enjoy playing,What is your favorite game to play?
English,A1,your favorite type of music to relax to,What kind of music helps you relax the most?
English,A1,the room you are in right now,Is there a window in this room?
English,A1,your favorite color and why,What is your favorite color and why?
English,A1,the last gift you gave someone,What was the last gift you gave?
English,A1,your hobbies,What is your favorite hobby?
English,A1,your favorite way to spend a rainy day,What do you like to do when it rains?
English,A2,what is the weather like,What is the weather like today?
English,A2,the room you are in right now,What color is the wall next to you?
English,A2,the last gift you gave someone,What was the last gift you gave to your friend?
English,A2,your typical breakfast,What do you usually eat for breakfast?
English,A2,your plans for the weekend,What will you do this weekend?
English,A2,a skill you'd like to learn,What skill do you want to learn?
English,A2,something that made you happy recently,What made you smile yesterday?
English,A2,your neighborhood,What is your favorite place in your neighborhood?
English,A2,your hobbies,What do you like to do in your free time?
English,A2,your favorite way to spend a rainy day,What do you like to do when it rains?
English,A2,your favorite season and why,What is your favorite season and why?
English,A2,your favorite music,What kind of music do you enjoy listening to the most?
English,B1,a book you like,What is your favorite part of that book?
English,B1,the room you are in right now,Can you describe the colour of the walls in this room?
English,B1,how you'd describe your ideal weekend to a friend,What does your perfect weekend look like?
English,B1,the last gift you gave someone,What was the last gift you gave to someone?
English,B1,your favorite food,What is your absolute favorite dish to eat and why?
English,B1,what is the weather like,What's the weather like today?
English,B1,how technology has changed the way you learn,How has technology made it easier for you to find information when you study?
English,B1,something that made you happy recently,What was something that recently brought a smile to your face?
English,B1,your neighborhood,What is your favorite thing to do in your neighborhood?
English,B1,what did you do yesterday,What did you do yesterday?
English,B1,a movie or show you watched recently,What was your favorite scene in the movie you watched?
English,B1,your plans for the weekend,What are you planning to do this weekend?
English,B2,the biggest difference between your hometown and a big city,What is the most striking contrast you've observed between the pace of life in your hometown and that of a large metropolis?
English,B2,a game you enjoy playing,What is your favorite thing about playing that game?
English,B2,what is the weather like,Could you describe the weather outside today in a few words?
English,B2,your typical breakfast,Could you describe the most common breakfast you eat on a typical weekday?
English,B2,a pet you have or would like to have,What is one activity you would enjoy doing with a golden retriever if you had one?
English,B2,a recent trip or a place you'd like to visit,"If you could travel anywhere in the world for a week, where would you go and why?"
English,B2,your job or studies,What aspect of teaching English do you find most rewarding?
English,B2,your favorite holiday,What's your favorite holiday and why is it special to you?
English,B2,your favorite app or website,What's your favorite app or website and why do you enjoy using it?
English,B2,how you get around your city,How do you typically travel to different parts of your city?
English,B2,a mistake you learned something from,Can you describe a time when you made a mistake and learned a valuable lesson from it?
English,B2,your favorite way to relax,What is your favorite way to unwind after a long day?
English,C1,"what makes a good leader, in your opinion","In your view, what single quality is most crucial for a leader to possess?"
English,C1,your favorite type of music to relax to,What specific characteristics of ambient electronic music help you unwind and destress after a long day?
English,C1,your neighborhood,Could you describe a hidden gem within your neighborhood that most visitors would likely miss?
English,C1,a decision you're proud of,Can you describe a significant personal decision you've made and explain why you feel a sense of pride regarding its outcome?
English,C1,your favorite food,"What is the most exquisite ingredient you've ever savored in a dish, and how did it elevate your culinary experience?"
English,C1,what you would do if you had more free time,"If you suddenly found yourself with an abundance of free time, what fulfilling pursuit or restorative activity would you prioritize?"
English,C1,what you would do with an unexpected day off,"If you were granted an unexpected day off, what single activity would most appeal to you?"
English,C1,your favorite holiday,"What's your most cherished memory from your favorite holiday, and why does it hold such significance for you?"
English,C1,your daily routine,Could you describe the most unusual or unexpected event that has ever occurred during your daily routine?
English,C1,your typical breakfast,Could you describe the typical components and preparation method of your morning meal?
English,C1,a pet you have or would like to have,"If you could have any exotic pet, what would be the biggest challenge you anticipate in its care?"
English,C1,a book you like,Could you describe the central themes that resonated most strongly with you in the novel?
English,C2,your neighborhood,Can you elaborate on the socio-economic dynamics that have reshaped the character of your neighborhood over the past decade?
English,C2,how you spent last weekend,"Considering the myriad of activities one could engage in, how did you choose to spend your past weekend in a way that was most profoundly enriching?"
English,C2,a piece of advice someone gave you that stuck,What was the most potent piece of advice you've ever received that indelibly shaped your perspective?
English,C2,your best friend,In what profound and unexpected ways has your best friend's presence consistently shaped your worldview?
English,C2,something that made you happy recently,What particular serendipitous encounter recently brought a profound sense of joy into your day?
English,C2,your favorite sport,"Considering the strategic ebb and flow of your favorite sport, what aspect of its tactical evolution do you find most intellectually stimulating?"
English,C2,a pet you have or would like to have,"If you were to own an animal with an extraordinary lifespan, which species would you choose and why would its longevity be a significant factor in your decision?"
English,C2,your favorite music,"What specific, perhaps obscure, genre of music do you find yourself inexplicably drawn to, and what is it about its peculiar sonic landscape that captivates you most profoundly?"
English,C2,what are your plans for today,"Once you've concluded your morning ablutions, what specific objectives do you intend to tackle before the day draws to a close?"
English,C2,your hobbies,"When the weather permits, what niche outdoor pursuits do you find yourself irresistibly drawn to?"
English,C2,the room you are in right now,Could you perhaps elaborate on the prevailing aesthetic and functional nuances that define the spatial arrangement of this immediate environment?
English,C2,your favorite time of year,What are your innermost contemplations and sensory delights when autumn's melancholic beauty descends?
Ukrainian,A1,your job or studies,Ти вчитель?
Ukrainian,A1,a game you enjoy playing,Яку гру ти любиш грати?
Ukrainian,A1,a language you'd like to speak,Яку мову ви хотіли б знати?
Ukrainian,A1,your morning routine,Що ти робиш зранку?
Ukrainian,A1,a recent trip or a place you'd like to visit,Ви подорожували до Карпат?
Ukrainian,A1,your favorite way to spend a rainy day,Як ти любиш проводити дощовий день?
Ukrainian,A1,what you usually do after work or school,Що ти робиш після роботи?
Ukrainian,A1,what you had for breakfast,Що ти їв на сніданок?
Ukrainian,A1,your favorite time of year,Яка ваша улюблена пора року?
Ukrainian,A1,your favorite color and why,"Якого кольору твоя улюблена, і чому?"
Ukrainian,A1,a pet you have or would like to have,Яке домашнє улюбленець ти хочеш мати?
Ukrainian,A1,your favorite season and why,Яка твоя улюблена пора року і чому?
Ukrainian,A2,what you usually do after work or school,Що ви зазвичай робите після роботи чи школи?
Ukrainian,A2,something that made you happy recently,Що тебе нещодавно порадувало?
Ukrainian,A2,your morning routine,Що ти робиш першим вранці?
Ukrainian,A2,your best friend,Хто твій найкращий друг?
Ukrainian,A2,a game you enjoy playing,Яку гру ти любиш грати?
Ukrainian,A2,how many people are in your family,Скільки людей у твоїй родині?
Ukrainian,A2,your favorite sport,Який ваш улюблений вид спорту?
Ukrainian,A2,your family,Скільки членів у вашій родині?
Ukrainian,A2,your favorite food,Яка твоя улюблена українська страва?
Ukrainian,A2,a movie or show you watched recently,Який фільм ти дивився минулого тижня?
Ukrainian,A2,your favorite music,Яка твоя улюблена музика?
Ukrainian,A2,how are you today,Як справи сьогодні?
Ukrainian,B1,what your life might look like in five years,"Яким, на вашу думку, буде ваше життя через п'ять років?"
Ukrainian,B1,describe something you can see around you,Що ви бачите за вікном?
Ukrainian,B1,how you spent last weekend,Як ти провів минулі вихідні?
Ukrainian,B1,a language you'd like to speak,"Якою мовою ти б хотів би розмовляти, окрім української?"
Ukrainian,B1,your favorite food,Яку страву української кухні ти любиш найбільше?
Ukrainian,B1,something you'd like to change about your daily routine,Що б ти хотів змінити у своєму щоденному розкладі?
Ukrainian,B1,a skill you'd like to learn,Яку нову мову ти хотів би вивчити?
Ukrainian,B1,what you had for breakfast,Що ти їв/їла на сніданок сьогодні?
Ukrainian,B1,your morning routine,Що ти робиш кожного ранку?
Ukrainian,B1,your favorite place to eat,Де ти любиш їсти найкраще?
Ukrainian,B1,a movie or show you watched recently,"Чи дивилися ви нещодавно якийсь цікавий фільм, який б хотіли порекомендувати?"
Ukrainian,B1,a pet you have or would like to have,"Чи маєш ти домашню тваринку, яку б хотів мати?"
Ukrainian,B2,your favorite holiday,Яка твоя улюблена святкова страва?
Ukrainian,B2,your favorite color and why,Якого кольору ви віддаєте перевагу і чому?
Ukrainian,B2,something that made you happy recently,Що нещодавно викликало у Вас справжню радість?
Ukrainian,B2,how are you today,Як ти сьогодні?
Ukrainian,B2,the last gift you gave someone,"Який був останній подарунок, який ви комусь подарували?"
Ukrainian,B2,"what makes a good leader, in your opinion","Як на вашу думку, які ключові якості притаманні хорошому лідеру?"
Ukrainian,B2,a game you enjoy playing,"Яку гру, в яку ти любиш грати, можна назвати найбільш захоплюючою і чому?"
Ukrainian,B2,what did you do yesterday,Що ти робив учора?
Ukrainian,B2,your favorite type of music to relax to,"Яку музику ти найбільше любиш слухати, щоб розслабитися?"
Ukrainian,B2,your favorite app or website,Який додаток чи вебсайт ти використовуєш найчастіше для перегляду відео?
Ukrainian,B2,your favorite music,"Яку музику ти слухаєш, коли хочеш розслабитися?"
Ukrainian,B2,a recent trip or a place you'd like to visit,"Яку країну, яку ви ніколи раніше не відвідували, ви хотіли б побачити найближчим часом і чому?"
Ukrainian,C1,a language you'd like to speak,"Якою мовою ви б хотіли вільно володіти, якби мали необмежений час на навчання?"
Ukrainian,C1,what is the weather like,Яка зараз погода за вікном?
Ukrainian,C1,your favorite holiday,"Яке Ваше улюблене свято, і чому саме воно викликає у Вас такі теплі почуття?"
Ukrainian,C1,your best friend,"Опиши, будь ласка, найяскравішу спільну пригоду з твоїм найкращим другом."
Ukrainian,C1,what did you do yesterday,"Що ви робили вчора, окрім звичайних справ?"
Ukrainian,C1,your typical breakfast,"Який ваш типовий український сніданок, і чому ви його обираєте?"
Ukrainian,C1,your family,"Чи могли б ви описати свою найближчу родину, згадавши два-три найважливіші для вас аспекти їхніх стосунків?"
Ukrainian,C1,a piece of advice someone gave you that stuck,"Яка порада, що вам колись дали, досі залишається актуальною і впливає на ваші рішення?"
Ukrainian,C1,something you used to believe but don't anymore,"Чи пам'ятаєш ти, коли вірив у те, що в дитинстві здавалося тобі цілком реальним, але зараз виглядає наївним?"
Ukrainian,C1,what you would do with an unexpected day off,"Якби у вас несподівано з'явився вільний день, що б ви зробили?"
Ukrainian,C1,the last gift you gave someone,"Який був останній подарунок, який ти зробив комусь, і чому саме він?"
Ukrainian,C1,a skill you'd like to learn,"Яку б навичку ви б хотіли опанувати, якби мали необмежений час і ресурси?"
Ukrainian,C2,your favorite music,"Який музичний напрямок, що здобув визнання в Україні останнім часом, найбільше вплинув на ваше особисте естетичне сприйняття?"
Ukrainian,C2,what are your plans for today,Які у Вас плани на сьогодні?
Ukrainian,C2,your hobbies,"Що є найглибшим чи найцікавішим аспектом ваших улюблених хобі, що зазвичай залишається непоміченим для оточуючих?"
Ukrainian,C2,what did you do yesterday,"Що саме Ви робили вчора, аби навчитися чомусь новому?"
Ukrainian,C2,your morning routine,"Протягом якого часу ви зазвичай насолоджуєтеся ранковою кавою, заглиблюючись у читання новин або літератури?"
Ukrainian,C2,something you used to believe but don't anymore,"Чи було колись щось, у що ви свято вірили, а тепер вважаєте це наївним або помилковим?"
Ukrainian,C2,how are you today,Як Ваші сьогоднішні відчуття стосовно загального самопочуття?
Ukrainian,C2,something you'd like to change about your daily routine,"Якби ви могли змінити одну річ у своєму повсякденному розкладі, що б це було і чому?"
Ukrainian,C2,your favorite way to relax,Який ваш найулюбленіший спосіб відновити сили та гармонію після виснажливого дня?
Ukrainian,C2,how you'd describe your ideal weekend to a friend,"Як би ти, друже, описав свій ідеальний вихідний, якби мав необмежені можливості?"
Ukrainian,C2,a language you'd like to speak,"Якби ви могли опанувати будь-яку мову до рівня носія за одну ніч, яку б ви обрали і чому?"
Ukrainian,C2,how you spent last weekend,"Як минулих вихідних ви занурилися у вивчення чогось нового, що значно розширило ваші знання чи навички?"
Spanish,A1,a language you'd like to speak,¿Qué idioma te gustaría hablar?
Spanish,A1,your favorite music,¿Cuál es tu música favorita?
Spanish,A1,what you had for breakfast,¿Qué comiste para desayunar?
Spanish,A1,what are your plans for today,¿Qué planes tienes hoy?
Spanish,A1,your favorite type of music to relax to,¿Qué tipo de música te gusta para relajarte?
Spanish,A1,your daily routine,¿Qué haces por la mañana?
Spanish,A1,a game you enjoy playing,¿Te gusta jugar fútbol?
Spanish,A1,your favorite sport,¿Cuál es tu deporte favorito?
Spanish,A1,how you get around your city,¿Cómo te mueves por tu ciudad?
Spanish,A1,your family,¿Tienes hermanos?
Spanish,A1,what you usually do after work or school,¿Qué haces después del trabajo?
Spanish,A1,your best friend,¿Cómo se llama tu mejor amigo/a?
Spanish,A2,your favorite way to relax,¿Cuál es tu forma favorita de relajarte?
Spanish,A2,your best friend,¿Cómo se llama tu mejor amigo/a?
Spanish,A2,the room you are in right now,¿Qué objetos hay en esta habitación?
Spanish,A2,a recent trip or a place you'd like to visit,¿Adónde te gustaría viajar el próximo verano?
Spanish,A2,a language you'd like to speak,¿Qué idioma te gustaría aprender a hablar en el futuro?
Spanish,A2,your favorite way to spend a rainy day,¿Qué te gusta hacer cuando llueve mucho?
Spanish,A2,your hobbies,¿Qué te gusta hacer en tu tiempo libre?
Spanish,A2,a skill you'd like to learn,¿Qué nueva habilidad te gustaría aprender?
Spanish,A2,what did you do yesterday,¿Qué hiciste ayer?
Spanish,A2,your family,¿Cuántas personas hay en tu familia?
Spanish,A2,a book you like,¿Qué libro te gusta mucho?
Spanish,A2,how you spent last weekend,¿Qué hiciste el fin de semana pasado?
Spanish,B1,a piece of advice someone gave you that stuck,¿Qué consejo te ha quedado grabado?
Spanish,B1,what are your plans for today,¿Qué planes tienes para hoy?
Spanish,B1,your family,¿Cuántos hermanos y hermanas tienes en tu familia?
Spanish,B1,a game you enjoy playing,¿Cuál es tu juego favorito y por qué te gusta tanto?
Spanish,B1,your favorite place to eat,¿Cuál es tu restaurante favorito para comer en la ciudad?
Spanish,B1,how many people are in your family,¿Cuántas personas hay en tu familia?
Spanish,B1,your favorite type of music to relax to,¿Qué tipo de música prefieres para relajarte?
Spanish,B1,a tradition from your country you'd explain to a foreigner,¿Podrías contarle a un extranjero sobre la tradición de las posadas en México?
Spanish,B1,something you'd like to change about your daily routine,¿Qué te gustaría cambiar de tu rutina diaria?
Spanish,B1,what you usually do after work or school,¿Qué sueles hacer después del trabajo o de clase?
Spanish,B1,a language you'd like to speak,¿Qué idioma te gustaría poder hablar perfectamente?
Spanish,B1,describe something you can see around you,¿Qué objeto llamativo hay cerca de ti en este momento?
Spanish,B2,your favorite way to relax,¿Cuál es tu pasatiempo favorito para desconectar después de un largo día?
Spanish,B2,a book you like,¿Qué libro me recomendarías si tuviera un fin de semana libre y quisiera algo emocionante?
Spanish,B2,your neighborhood,¿Qué es lo que más te gusta de vivir en tu barrio?
Spanish,B2,your daily routine,¿Qué haces para mantenerte organizado durante la semana?
Spanish,B2,your favorite app or website,¿Cuál es tu sitio web favorito para aprender español y por qué?
Spanish,B2,what are your plans for today,¿Qué planes tienes para hoy?
Spanish,B2,your favorite food,¿Cuál es tu plato favorito para compartir con amigos?
Spanish,B2,what you had for breakfast,¿Qué desayunaste esta mañana?
Spanish,B2,your favorite time of year,¿Cuál es tu estación del año favorita y por qué?
Spanish,B2,what you usually do after work or school,¿Qué sueles hacer para relajarte después del trabajo o de las clases?
Spanish,B2,your favorite place to eat,¿Cuál es tu restaurante favorito para probar la paella?
Spanish,B2,how you get around your city,¿Qué medio de transporte prefieres para desplazarte por tu ciudad y por qué?
Spanish,C1,a tradition from your country you'd explain to a foreigner,"¿Podrías explicarle a un extranjero la tradición de ""la siesta"" en España y su importancia cultural?"
Spanish,C1,your hobbies,¿Qué pasatiempos te permiten desconectar completamente del estrés diario y recargar energías?
Spanish,C1,your neighborhood,¿Qué aspectos de tu barrio crees que podrían mejorar para fomentar una mayor cohesión social entre los residentes?
Spanish,C1,a piece of advice someone gave you that stuck,¿Qué consejo te han dado que todavía aplicas a tu vida?
Spanish,C1,a challenge you overcame recently,¿Cuál fue el mayor obstáculo que tuviste que superar para completar tu último proyecto ambicioso?
Spanish,C1,a decision you're proud of,¿Qué decisión importante en tu vida te ha dado más satisfacción personal?
Spanish,C1,your typical breakfast,¿Qué suele incluir tu desayuno típico para empezar el día con energía?
Spanish,C1,a skill you'd like to learn,¿Qué habilidad te gustaría perfeccionar para poder comunicarte con mayor fluidez en entornos profesionales internacionales?
Spanish,C1,the room you are in right now,¿Qué detalles de la decoración de esta habitación podrías describir que reflejen un estilo particular?
Spanish,C1,a language you'd like to speak,"Si pudieras dominar a la perfección cualquier idioma en el mundo, ¿cuál elegirías y por qué?"
Spanish,C1,a pet you have or would like to have,"Si pudieras tener cualquier mascota exótica, ¿cuál elegirías y por qué crees que sería compatible con tu estilo de vida?"
Spanish,C1,your favorite holiday,¿Cuál es tu festividad favorita y por qué crees que evoca tantas emociones en las personas?
Spanish,C2,how you spent last weekend,"¿Podrías relatarme, con todo detalle, cómo aprovechaste el pasado fin de semana, quizás mencionando alguna actividad imprevista que marcara una diferencia significativa en tu rutina habitual?"
Spanish,C2,something you'd like to change about your daily routine,¿Qué aspecto de mi rutina diaria desearía usted alterar radicalmente para optimizar mi productividad y bienestar personal?
Spanish,C2,a pet you have or would like to have,¿Qué virtudes intrínsecas y extrínsecas crees que debe poseer un animal de compañía ideal?
Spanish,C2,what you would do with an unexpected day off,"Si te dieran un día libre inesperado, ¿cuál sería tu capricho más extravagante?"
Spanish,C2,a game you enjoy playing,¿Cuál es el aspecto más intrincado de la estrategia de dominación en Catan que encuentras más gratificante?
Spanish,C2,"what makes a good leader, in your opinion","Desde tu perspectiva, ¿cuáles son las cualidades intrínsecas más determinantes para forjar un liderazgo verdaderamente inspirador y efectivo?"
Spanish,C2,your favorite sport,¿Podrías explicarme la intrincada coreografía táctica detrás de tu deporte favorito y cómo influye en la dinámica de juego?
Spanish,C2,your family,¿Podría relatarme algún recuerdo familiar imborrable que haya marcado su forma de entender el mundo?
Spanish,C2,your typical breakfast,"¿Podrías describir con precisión la composición y el método de preparación de tu desayuno habitual, incluyendo cualquier matiz cultural o preferencia personal que lo distinga?"
Spanish,C2,your favorite place to eat,"Si tuvieras que elegir un solo lugar para comer en el mundo, ¿cuál sería y por qué lo consideras un santuario culinario?"
Spanish,C2,a tradition from your country you'd explain to a foreigner,"¿Podría detallar los matices culturales y el simbolismo inherente a la celebración de la Nochevieja en España, más allá de la simple ingestión de las doce uvas?"
Spanish,C2,a mistake you learned something from,"¿Qué error, de alguna trascendencia, te ha enseñado una lección que hoy consideras invaluable?"
Korean,A1,your best friend,내 제일 친한 친구는 누구예요?
Korean,A1,your daily routine,아침에 무엇을 해요?
Korean,A1,your typical breakfast,아침에 무엇을 드세요?
Korean,A1,describe something you can see around you,주변에 뭐가 보여요?
Korean,A1,a skill you'd like to learn,저는 요리를 배우고 싶어요.
Korean,A1,your favorite way to relax,가장 좋아하는 휴식 방법은 무엇인가요?
Korean,A1,what did you do yesterday,어제 뭐 했어요?
Korean,A1,what are your plans for today,오늘 뭐 할 거예요?
Korean,A1,your favorite app or website,제가 제일 좋아하는 앱은 무엇인가요?
Korean,A1,your favorite season and why,"저는 여름을 가장 좋아하는데, 왜냐하면..."
Korean,A1,what you usually do after work or school,퇴근 후에 뭐 해요?
Korean,A1,your favorite time of year,저는 봄이 가장 좋아요.
Korean,A2,a language you'd like to speak,어떤 나라 말을 배우고 싶어요?
Korean,A2,your favorite way to spend a rainy day,비 오는 날에 제일 좋아하는 것은 뭐예요?
Korean,A2,your favorite way to relax,취미로 뭘 하면서 스트레스를 풀어요?
Korean,A2,a pet you have or would like to have,저는 강아지를 키우고 싶어요.
Korean,A2,your favorite color and why,당신이 가장 좋아하는 색깔은 무엇이고 왜 그런가요?
Korean,A2,your favorite app or website,제가 제일 좋아하는 앱은 뭐예요?
Korean,A2,how you spent last weekend,지난 주말에 뭐 했어요?
Korean,A2,the last gift you gave someone,지난번에 누구에게 무엇을 선물했어요?
Korean,A2,your job or studies,선생님은 무엇을 가르치세요?
Korean,A2,your hobbies,취미가 뭐예요?
Korean,A2,your favorite sport,가장 좋아하는 운동이 뭐예요?
Korean,A2,your favorite type of music to relax to,어떤 음악을 들으면 마음이 편안해지세요?
Korean,B1,what are your plans for today,오늘 뭐 할 거예요?
Korean,B1,how many people are in your family,가족은 몇 명이에요?
Korean,B1,what you would do if you had more free time,자유 시간이 더 많아진다면 무엇을 하고 싶으신가요?
Korean,B1,your favorite holiday,가장 좋아하는 명절은 무엇인가요?
Korean,B1,how your city has changed over the years,이 도시가 시간이 지나면서 어떻게 변했어요?
Korean,B1,how you get around your city,어떻게 도시를 돌아다니세요?
Korean,B1,your favorite music,어떤 종류의 음악을 가장 좋아하세요?
Korean,B1,what you would do with an unexpected day off,갑자기 하루 쉬게 되면 뭘 하고 싶어요?
Korean,B1,your typical breakfast,아침으로 보통 무엇을 드세요?
Korean,B1,your plans for the weekend,이번 주말에 뭐 할 거예요?
Korean,B1,how you spent last weekend,지난 주말에 뭐 했어요?
Korean,B1,a game you enjoy playing,어떤 게임을 즐겨 하세요?
Korean,B2,how you get around your city,도시에서 어떻게 이동하세요?
Korean,B2,your favorite place to eat,가장 좋아하는 식당은 어디인가요?
Korean,B2,your favorite season and why,가장 좋아하는 계절은 무엇이고 그 이유는 무엇인가요?
Korean,B2,your morning routine,아침에 일어나서 가장 먼저 무엇을 하세요?
Korean,B2,describe something you can see around you,지금 당신 주변에서 무엇이 보이나요?
Korean,B2,your favorite time of year,제가 가장 좋아하는 계절은 언제인가요?
Korean,B2,how are you today,오늘 기분이 어떠세요?
Korean,B2,what you would do if you had more free time,시간이 더 많으면 무엇을 하고 싶어요?
Korean,B2,the biggest difference between your hometown and a big city,고향과 큰 도시의 가장 큰 차이점은 무엇이라고 생각하세요?
Korean,B2,a recent trip or a place you'd like to visit,최근에 다녀온 여행 중에 가장 좋았던 곳은 어디인가요?
Korean,B2,your favorite color and why,가장 좋아하는 색깔은 무엇이며 그 이유는 무엇인가요?
Korean,B2,something you used to believe but don't anymore,"옛날에는 하늘이 어떻게 돌아가는지 정말 몰랐다고 생각했지만, 이제는 조금 알 것 같아요."
Korean,C1,your favorite way to relax,스트레스를 풀기 위해 가장 선호하시는 방법은 무엇인가요?
Korean,C1,your favorite holiday,어떤 명절에 가족들과 함께 보내는 것이 가장 큰 기쁨을 주나요?
Korean,C1,your plans for the weekend,주말에 특별한 계획이라도 있으신가요?
Korean,C1,your favorite way to spend a rainy day,비 오는 날 가장 좋아하는 나만의 시간 보내는 방법은 무엇인가요?
Korean,C1,your morning routine,아침 일찍 일어나서 가장 먼저 하는 일은 무엇인가요?
Korean,C1,the room you are in right now,지금 계신 방에 있는 물건들 중에 가장 흥미로운 것은 무엇인가요?
Korean,C1,your family,가족 구성원 중에 가장 기억에 남는 특별한 추억이 있다면 무엇인가요?
Korean,C1,your neighborhood,우리 동네에는 낯선 사람들에게도 친절한 분들이 많이 계신가요?
Korean,C1,a book you like,"어릴 때부터 지금까지 가장 인상 깊었던 책 한 권을 꼽는다면 무엇이며, 그 이유는 무엇인가요?"
Korean,C1,your favorite place to eat,"제일 좋아하는 맛집은 무엇이며, 그곳을 선택한 특별한 이유가 있다면 설명해주시겠어요?"
Korean,C1,a piece of advice someone gave you that stuck,저에게 깊은 인상을 남긴 조언은 무엇이었나요?
Korean,C1,your job or studies,제 직업을 통해 학생들의 언어 능력을 향상시키는 것이 제게 어떤 동기를 부여하는지 설명해주시겠어요?
Korean,C2,your typical breakfast,아침 식사로 평소에 즐겨 드시는 특별한 메뉴가 있으신가요?
Korean,C2,your morning routine,아침에 일어나면 가장 먼저 무엇을 하며 하루를 시작하시나요?
Korean,C2,something you'd like to change about your daily routine,매일 반복되는 일상에서 가장 바꾸고 싶은 한 가지는 무엇인가요?
Korean,C2,your favorite sport,제가 가장 좋아하는 운동인 수영에 대해 궁금한 점이 있으신가요?
Korean,C2,how you get around your city,서울에서 주로 어떤 교통수단을 이용하시나요?
Korean,C2,how you'd describe your ideal weekend to a friend,"주말에 친구와 함께 이상적인 하루를 보낸다면, 어떻게 묘사하시겠어요?"
Korean,C2,your favorite music,제가 가장 좋아하는 음악 장르가 무엇이라고 생각하십니까?
Korean,C2,how technology has changed the way you learn,기술 발전은 학습 방식에 어떤 혁신적인 변화를 가져왔다고 생각하십니까?
Korean,C2,something that made you happy recently,최근에 당신을 가장 행복하게 했던 순간은 언제였습니까?
Korean,C2,a decision you're proud of,제가 내린 결정 중 가장 자랑스러운 것은 무엇일까요?
Korean,C2,what you usually do after work or school,퇴근 후나 수업이 끝난 후에 무엇을 주로 하시나요?
Korean,C2,your favorite way to spend a rainy day,비 오는 날이면 빗소리를 들으며 창밖 풍경을 감상하는 것이 제게는 더할 나위 없는 행복입니다.
French,A1,your hobbies,Qu'est-ce que tu aimes faire pendant ton temps libre ?
French,A1,your job or studies,Qu'est-ce que tu étudies?
French,A1,describe something you can see around you,Qu'est-ce que tu vois sur la table ?
French,A1,your daily routine,Qu'est-ce que tu fais le matin ?
French,A1,what did you do yesterday,Qu'as-tu fait hier ?
French,A1,the last gift you gave someone,Quel était le dernier cadeau que vous avez offert ?
French,A1,your favorite way to relax,Qu'est-ce que tu aimes faire pour te détendre ?
French,A1,the room you are in right now,Où est cette pièce ?
French,A1,your favorite way to spend a rainy day,Comment aimez-vous passer un jour de pluie ?
French,A1,what is the weather like,Quel temps fait-il ?
French,A1,how you spent last weekend,Comment as-tu passé ton week-end ?
French,A1,a pet you have or would like to have,J'ai un chien.
French,A2,a skill you'd like to learn,Quelle nouvelle compétence aimerais-tu apprendre bientôt ?
French,A2,how many people are in your family,Combien de personnes y a-t-il dans ta famille ?
French,A2,a movie or show you watched recently,Quel film avez-vous regardé la semaine dernière ?
French,A2,your favorite food,Quel est votre plat français préféré ?
French,A2,your favorite way to spend a rainy day,Comment aimez-vous passer un jour de pluie ?
French,A2,your daily routine,Qu'est-ce que tu fais le matin avant de travailler ?
French,A2,your favorite sport,Quel est ton sport préféré ?
French,A2,the room you are in right now,Quelle est la couleur de la chaise où tu es assis(e) ?
French,A2,your favorite app or website,Quel est votre site web préféré pour apprendre de nouvelles recettes ?
French,A2,your best friend,Qu'est-ce que tu aimes faire avec ton meilleur ami ?
French,A2,your plans for the weekend,Qu'est-ce que tu vas faire ce week-end ?
French,A2,something that made you happy recently,Qu'est-ce qui t'a rendu heureux récemment ?
French,B1,your neighborhood,Qu'est-ce que vous aimez le plus dans votre quartier ?
French,B1,your typical breakfast,Qu'est-ce que tu manges et bois généralement au petit-déjeuner ?
French,B1,your favorite holiday,Quel est votre jour férié préféré et pourquoi ?
French,B1,your favorite sport,Quel est votre sport préféré et pourquoi ?
French,B1,how many people are in your family,Combien de personnes y a-t-il dans ta famille ?
French,B1,your plans for the weekend,Qu'est-ce que vous comptez faire ce week-end ?
French,B1,your favorite season and why,Quelle est votre saison préférée et pourquoi ?
French,B1,a mistake you learned something from,Quelle erreur t'a appris le plus sur toi-même récemment ?
French,B1,the room you are in right now,Dans quelle pièce te trouves-tu actuellement ?
French,B1,a decision you're proud of,Quel choix avez-vous fait dont vous êtes particulièrement fier ?
French,B1,a language you'd like to speak,Quelle langue aimeriez-vous pouvoir parler couramment ?
French,B1,what did you do yesterday,Qu'avez-vous fait hier ?
French,B2,how you'd describe your ideal weekend to a friend,Comment décrirais-tu ton week-end idéal à un ami ?
French,B2,your favorite sport,Quel est votre sport préféré et pourquoi vous plaît-il tant ?
French,B2,your daily routine,Qu'est-ce que vous faites le plus souvent pour vous détendre après le travail ?
French,B2,a game you enjoy playing,Quel est le jeu auquel vous aimez jouer pendant votre temps libre ?
French,B2,a skill you'd like to learn,Quelle compétence aimeriez-vous acquérir et pourquoi ?
French,B2,what you usually do after work or school,Qu'avez-vous l'habitude de faire après votre journée de travail ou d'études ?
French,B2,how are you today,Comment vous sentez-vous en ce jour ?
French,B2,your favorite type of music to relax to,Quelle est votre musique préférée pour vous détendre ?
French,B2,your best friend,Qu'est-ce que tu aimes le plus chez ton meilleur ami ?
French,B2,your favorite time of year,Quel est votre moment préféré de l'année et pourquoi ?
French,B2,your family,Parlez-moi de votre plus beau souvenir familial.
French,B2,how you get around your city,Comment préférez-vous vous déplacer dans votre ville et pourquoi ?
French,C1,your favorite app or website,Quelle est votre application ou site web de prédilection pour découvrir de nouvelles recettes de cuisine française ?
French,C1,what you had for breakfast,Qu'avez-vous dégusté pour votre petit-déjeuner ce matin ?
French,C1,something that made you happy recently,Qu'est-ce qui vous a récemment procuré un réel sentiment de joie ?
French,C1,how you'd describe your ideal weekend to a friend,Comment décrirais-tu à un ami le week-end parfait ?
French,C1,your favorite season and why,Quelle est votre saison préférée et pourquoi l'aimez-vous tant ?
French,C1,your favorite place to eat,Pourriez-vous décrire le plat que vous avez préféré déguster lors de votre dernière visite dans votre établissement de restauration favori ?
French,C1,your favorite food,"Quel plat français, selon vous, incarne le mieux la quintessence de la cuisine française et pourquoi ?"
French,C1,your favorite way to relax,Quelle est votre façon préférée de décompresser après une longue journée ?
French,C1,your neighborhood,Pouvez-vous décrire les aspects positifs et négatifs de vivre dans votre quartier actuel ?
French,C1,"what makes a good leader, in your opinion","Selon vous, qu'est-ce qui caractérise un leader véritablement inspirant ?"
French,C1,a movie or show you watched recently,Quel film récent vous a particulièrement marqué par son message profond et sa mise en scène novatrice ?
French,C1,what is the weather like,Comment le temps se présente-t-il aujourd'hui ?
French,C2,your favorite music,"Quelle musique, au-delà des genres convenus, vous transporte-t-elle invariablement vers un état d'émotion pure ?"
French,C2,how are you today,Comment vous sentez-vous aujourd'hui?
French,C2,your favorite way to relax,Quelle est votre manière préférée de vous évader du stress quotidien pour vous ressourcer ?
French,C2,your daily routine,Pourriez-vous me décrire en détail la démarche que vous suivez pour vous organiser et accomplir toutes vos tâches quotidiennes afin d'optimiser votre productivité ?
French,C2,a piece of advice someone gave you that stuck,Quelleは conseil vous a le plus marqué dans votre vie ?
French,C2,your typical breakfast,"Au petit-déjeuner, préférez-vous le salé ou le sucré, et quel aliment incarne le mieux votre choix ?"
French,C2,something you used to believe but don't anymore,Est-ce qu'il y a une idée reçue que vous aviez fermement ancrée et qui s'est révélée totalement fausse avec le temps ?
French,C2,the last gift you gave someone,Quel était le cadeau le plus réfléchi que vous ayez offert à quelqu'un récemment et pourquoi ?
French,C2,your favorite app or website,Pourriez-vous me décrire votre expérience la plus marquante avec [nom de l'application/site web] ?
French,C2,the room you are in right now,"Dans cette pièce, quel objet trouvez-vous le plus intriguant et pourquoi ?"
French,C2,your hobbies,Qu'est-ce que vous trouvez le plus exaltant dans la pratique de votre passe-temps favori ?
French,C2,how you spent last weekend,"Pourriez-vous me relater, sans omettre les moindres détails, comment vous avez agrémenté votre week-end dernier ?"
German,A1,your favorite holiday,Was ist dein Lieblingsfeiertag?
German,A1,how you get around your city,Wie kommen Sie in Ihrer Stadt von A nach B?
German,A1,your job or studies,Was machen Sie beruflich?
German,A1,what is the weather like,Wie ist das Wetter heute?
German,A1,your plans for the weekend,Was machst du am Wochenende?
German,A1,your typical breakfast,Was isst du normalerweise zum Frühstück?
German,A1,your favorite type of music to relax to,Was hörst du gerne zum Entspannen?
German,A1,a game you enjoy playing,Spielst du gern Schach?
German,A1,how many people are in your family,Wie viele Personen sind in deiner Familie?
German,A1,a language you'd like to speak,Welche Sprache möchten Sie sprechen?
German,A1,your favorite music,Was hörst du gern?
German,A1,what are your plans for today,Was hast du heute vor?
German,A2,your plans for the weekend,Was machst du am Wochenende?
German,A2,your favorite way to relax,Wie entspannst du dich am liebsten?
German,A2,your favorite app or website,"Welche Webseite besuchst du am liebsten, wenn du etwas Neues lernen möchtest?"
German,A2,your favorite sport,Welchen Sport treiben Sie am liebsten?
German,A2,your daily routine,Was machst du jeden Morgen nach dem Aufstehen?
German,A2,what are your plans for today,Was hast du heute vor?
German,A2,the last gift you gave someone,"Was war das letzte Geschenk, das du jemandem gegeben hast?"
German,A2,your neighborhood,Was gibt es Interessantes in deiner Nachbarschaft?
German,A2,how many people are in your family,Wie viele Personen sind in deiner Familie?
German,A2,your favorite music,Welche Musik hörst du am liebsten?
German,A2,your job or studies,Was studierst du?
German,A2,a recent trip or a place you'd like to visit,Wohin möchten Sie gerne im Urlaub fahren?
German,B1,how are you today,Wie geht es dir heute?
German,B1,your favorite sport,Was ist dein Lieblingssport?
German,B1,a recent trip or a place you'd like to visit,Welches Land möchten Sie als Nächstes gerne besuchen und warum?
German,B1,what you had for breakfast,Was hast du heute Morgen zum Frühstück gegessen?
German,B1,a challenge you overcame recently,Welche Herausforderung hast du kürzlich erfolgreich gemeistert?
German,B1,what you would do with an unexpected day off,Was würdest du mit einem unerwarteten freien Tag machen?
German,B1,how you spent last weekend,Wie hast du dein letztes Wochenende verbracht?
German,B1,something that made you happy recently,Was hat dich letzte Woche so richtig glücklich gemacht?
German,B1,your favorite app or website,"Welche App nutzt du am liebsten, um neue Rezepte zu finden?"
German,B1,something you'd like to change about your daily routine,Was würden Sie gerne an Ihrem täglichen Ablauf ändern?
German,B1,your favorite type of music to relax to,"Welche Musik hörst du am liebsten, um dich zu entspannen?"
German,B1,what you usually do after work or school,Was machst du normalerweise nach der Arbeit oder Schule?
German,B2,your favorite way to relax,Wie entspannst du dich am liebsten nach einem anstrengenden Tag?
German,B2,your favorite holiday,Welches ist Ihr Lieblingsurlaub und warum?
German,B2,a book you like,Welches Buch hat Sie in letzter Zeit am meisten beeindruckt und warum?
German,B2,your favorite season and why,Welche Jahreszeit mögen Sie am liebsten und warum?
German,B2,your job or studies,Erzählen Sie mir von Ihrer Ausbildung zum Deutschlehrer.
German,B2,what did you do yesterday,Was hast du gestern gemacht?
German,B2,your family,Erzähl mir etwas über die Hobbys deiner Geschwister.
German,B2,your favorite app or website,"Welche App oder Webseite nutzen Sie am liebsten, um neue Rezepte zu finden?"
German,B2,how technology has changed the way you learn,Wie hat Technologie Ihre Lernmethoden verändert?
German,B2,a tradition from your country you'd explain to a foreigner,Welche Tradition Ihres Landes würden Sie einem Ausländer am liebsten erklären?
German,B2,your hobbies,"Welche Hobbys machen dir am meisten Spaß, wenn du Zeit zum Entspannen hast?"
German,B2,how you get around your city,Wie kommen Sie normalerweise durch Ihre Stadt?
German,C1,a movie or show you watched recently,"Können Sie Ihre Gedanken zu den komplexen moralischen Dilemmata, die im Film aufgeworfen wurden, teilen?"
German,C1,what you would do if you had more free time,"Wenn Sie mehr Freizeit hätten, womit würden Sie Ihre Tage am liebsten füllen?"
German,C1,the room you are in right now,"Beschreiben Sie kurz den augenblicklichen Gesamteindruck des Raumes, in dem Sie sich gerade befinden?"
German,C1,your job or studies,Welche Aspekte Ihres Berufs als Deutschlehrer finden Sie besonders bereichernd?
German,C1,a decision you're proud of,Auf welche weitreichende Entscheidung in Ihrem Leben blicken Sie mit besonderem Stolz zurück?
German,C1,what you had for breakfast,Was gab es heute Morgen auf Ihrem Teller zum Frühstück?
German,C1,something you'd like to change about your daily routine,"Was würden Sie gerne an Ihrer täglichen Routine ändern, um mehr Zeit für Hobbys zu haben?"
German,C1,your favorite way to relax,Welche Aktivität entspannt Sie persönlich am besten nach einem anstrengenden Tag?
German,C1,your favorite season and why,Welche Jahreszeit ist Ihre liebste und aus welchem Grund?
German,C1,your favorite food,"Was ist Ihr absolutes Lieblingsgericht, und warum ist es so besonders für Sie?"
German,C1,a challenge you overcame recently,Welche unerwartete Schwierigkeit hast du neulich erfolgreich gemeistert?
German,C1,your favorite holiday,Was ist Ihre liebste Feiertagsaktivität und warum?
German,C2,your favorite app or website,"Was fasziniert dich an dieser einen App oder Website so sehr, dass du sie immer wieder besuchst?"
German,C2,your favorite season and why,Welche Jahreszeit bevorzugen Sie und aus welchen tiefgründigen Gründen nennen Sie gerade diese als Ihre liebste?
German,C2,a decision you're proud of,"Was war Ihre bedeutendste Entscheidung, auf die Sie mit tiefem Stolz zurückblicken?"
German,C2,your best friend,"Was ist die tiefgründigste gemeinsame Erfahrung, die Sie und Ihr bester Freund verbindet?"
German,C2,what you had for breakfast,Was gab es heute zum Frühstück?
German,C2,what are your plans for today,Was steht denn heute noch an?
German,C2,how technology has changed the way you learn,Wie hat die fortschreitende Digitalisierung Ihre persönlichen Lernstrategien auf einem fortgeschrittenen Niveau nachhaltig transformiert?
German,C2,your favorite time of year,Was macht den Herbst für Sie zu Ihrer liebsten Jahreszeit?
German,C2,the biggest difference between your hometown and a big city,Worin besteht Ihrer Meinung nach der grundlegendste Unterschied zwischen Ihrer Heimatstadt und einer Großstadt?
German,C2,your daily routine,"Könnten Sie detailliert beschreiben, wie Ihr typischer Arbeitstag abläuft und welche spezifischen Aufgaben Sie dabei bewältigen?"
German,C2,how your city has changed over the years,"Welche prägnanten Transformationen hat Ihre Stadt im Laufe der Jahrzehnte Ihrer Ansicht nach durchlaufen, die ihre heutige Identität maßgeblich geformt haben?"
German,C2,a pet you have or would like to have,"Wenn Sie die Möglichkeit hätten, sich ein exotisches Haustier anzuschaffen, welches wäre das und warum?"
Japanese,A1,a language you'd like to speak,どんな言葉を話したいですか？
Japanese,A1,the room you are in right now,これは部屋ですか。
Japanese,A1,what you had for breakfast,朝ごはん、何を食べましたか？
Japanese,A1,how you spent last weekend,先週末、何をしましたか。
Japanese,A1,your job or studies,先生は　なにか　べんきょうしていますか。
Japanese,A1,your favorite app or website,あなたの好きなアプリは何ですか？
Japanese,A1,your morning routine,毎朝、何をしますか。
Japanese,A1,your favorite way to relax,リラックスするために、何をしますか？
Japanese,A1,a skill you'd like to learn,どんなことを習いたいですか。
Japanese,A1,your typical breakfast,毎朝、何を eat しますか。
Japanese,A1,your neighborhood,あなたの町に公園がありますか。
Japanese,A1,your favorite place to eat,一番好きな食べ物屋さんはどこですか？
Japanese,A2,the last gift you gave someone,この前、誰かにあげたプレゼントは何ですか？
Japanese,A2,your favorite time of year,あなたの好きな季節はいつですか？
Japanese,A2,a game you enjoy playing,どんなゲームが好きですか？
Japanese,A2,your favorite season and why,あなたの好きな季節はいつで、なぜですか。
Japanese,A2,your morning routine,毎朝、何をしますか？
Japanese,A2,describe something you can see around you,あなたの部屋には何が見えますか。
Japanese,A2,your favorite way to relax,リラックスするために、どんなことをするのが一番好きですか。
Japanese,A2,something that made you happy recently,最近、嬉しかったことは何ですか？
Japanese,A2,your favorite food,あなたの好きな食べ物は何ですか？
Japanese,A2,your daily routine,毎朝、何時に起きますか？
Japanese,A2,your plans for the weekend,週末は何をしますか。
Japanese,A2,your neighborhood,あなたの近所にどんな店がありますか。
Japanese,B1,something that made you happy recently,最近、嬉しかったことは何ですか。
Japanese,B1,a challenge you overcame recently,最近、どんな困難を乗り越えましたか？
Japanese,B1,a pet you have or would like to have,どんなペットを飼いたいですか。
Japanese,B1,what you would do if you had more free time,もし自由な時間がもっとあったら、何をしたいですか？
Japanese,B1,your favorite way to relax,リラックスするために、一番好きなことは何ですか？
Japanese,B1,what you had for breakfast,朝ごはんには何を 食べましたか。
Japanese,B1,what you would do with an unexpected day off,もし予期せずお休みになったら、何をしたいですか？
Japanese,B1,how you get around your city,街ではどのように移動しますか。
Japanese,B1,what your life might look like in five years,5年後、どんな生活をしていると思いますか？
Japanese,B1,your favorite app or website,あなたの好きなアプリやウェブサイトは何ですか？
Japanese,B1,your neighborhood,近所にどんなお店がありますか。
Japanese,B1,the last gift you gave someone,あなたが最後に誰かにあげたプレゼントは何でしたか？
Japanese,B2,your daily routine,毎朝、何時に起きますか？
Japanese,B2,the last gift you gave someone,あなたが最後に誰かにあげたプレゼントは何ですか。
Japanese,B2,what did you do yesterday,昨日、何をしましたか。
Japanese,B2,your favorite food,あなたの好きな食べ物は何ですか。
Japanese,B2,a skill you'd like to learn,将来、どんなスキルを身につけたいですか。
Japanese,B2,your favorite music,あなたの好きな音楽のジャンルは何ですか？
Japanese,B2,your morning routine,毎朝、何時ごろに起きますか。
Japanese,B2,what you usually do after work or school,仕事や学校が終わった後、普段は何をしていますか？
Japanese,B2,the biggest difference between your hometown and a big city,あなたの故郷と大都市の最大の違いは何ですか？
Japanese,B2,describe something you can see around you,あなたの周りには、どのようなものが目に入りますか。
Japanese,B2,your plans for the weekend,今週末、何をしますか。
Japanese,B2,your favorite holiday,あなたの好きな祝日は何ですか？
Japanese,C1,what you would do with an unexpected day off,もし急に一日休みになったら、何をしたいですか？
Japanese,C1,what are your plans for today,今日の予定はどのようなものがありますか。
Japanese,C1,a game you enjoy playing,最近ハマっているゲームは、プレイヤーの選択が物語の結末を大きく左右するRPGなのですが、あなたはどのような点に一番魅力を感じますか？
Japanese,C1,a decision you're proud of,人生で最も誇りに思っている決断は何ですか？
Japanese,C1,your favorite season and why,あなたが一番好きな季節はいつですか、そしてそれはなぜですか。
Japanese,C1,how you get around your city,お住まいの都市では、どのような交通手段で移動することが多いですか？
Japanese,C1,a piece of advice someone gave you that stuck,誰かに言われた、心に残っているアドバイスは何ですか？
Japanese,C1,how you'd describe your ideal weekend to a friend,理想の週末について、友達にどのように話しますか？
Japanese,C1,what you would do if you had more free time,もし自由な時間が増えたら、何をしますか。
Japanese,C1,your hobbies,趣味で集めているものは、どんなものが一番高価ですか？
Japanese,C1,your job or studies,先生として、生徒たちの学習進捗をどのように評価していますか。
Japanese,C1,the biggest difference between your hometown and a big city,故郷と大都市の最も大きな違いは何だと思いますか。
Japanese,C2,how are you today,本日はいかがお過ごしでいらっしゃいますか。
Japanese,C2,your favorite way to relax,休日に一番リラックスできる過ごし方は何ですか？
Japanese,C2,your favorite type of music to relax to,リラックスする時、どんなジャンルの音楽を聴くのが一番お好きですか？
Japanese,C2,a challenge you overcame recently,最近、乗り越えた一番の困難は何でしたか？
Japanese,C2,your favorite place to eat,日本で一番好きな食べ物屋さんはどこですか？
Japanese,C2,what you had for breakfast,昨晩、冷蔵庫にあったもので簡単な朝食を済ませたのですが、具体的に何を食べたか覚えていらっしゃいますか。
Japanese,C2,a piece of advice someone gave you that stuck,誰かの助言で、ずっと心に残っていることは何ですか？
Japanese,C2,your morning routine,毎朝、起床してから家を出るまで、どのような習慣を欠かさず行っていますか？
Japanese,C2,describe something you can see around you,窓の外に見える景色を教えてください。
Japanese,C2,a game you enjoy playing,最近ハマっているゲームで、最も驚かされた展開はどのようなものでしたか？
Japanese,C2,your favorite sport,一番好きなスポーツについて、どのような点があなたを最も惹きつけるのか、具体的に教えていただけますか？
Japanese,C2,your daily routine,毎朝、起床してから家を出るまでの間で、特に時間をかけていることや、工夫していることはありますか。
Chinese,A1,your favorite type of music to relax to,你喜欢听什么音乐放松？
Chinese,A1,something that made you happy recently,最近有什么让你开心的事情吗？
Chinese,A1,what you had for breakfast,你早餐吃什么？
Chinese,A1,how are you today,你今天好吗？
Chinese,A1,your favorite place to eat,你最喜欢去哪里吃饭？
Chinese,A1,a game you enjoy playing,你喜欢玩什么游戏？
Chinese,A1,your favorite color and why,你最喜欢的颜色是什么，为什么？
Chinese,A1,your plans for the weekend,你周末有什么打算？
Chinese,A1,your favorite holiday,你最喜欢的节日是什么？
Chinese,A1,your favorite sport,你最喜欢的运动是什么？
Chinese,A1,a pet you have or would like to have,你有什么宠物？
Chinese,A1,your typical breakfast,你早上通常吃什么？
Chinese,A2,a skill you'd like to learn,你想学什么新技能？
Chinese,A2,what you had for breakfast,你早餐吃什么了？
Chinese,A2,your favorite music,你最喜欢听哪种音乐？
Chinese,A2,something that made you happy recently,最近有什么让你开心的事情吗？
Chinese,A2,your plans for the weekend,你周末打算做什么？
Chinese,A2,how you get around your city,你平时怎么出门？
Chinese,A2,your best friend,你最好的朋友叫什么名字？
Chinese,A2,your favorite way to spend a rainy day,下雨天你最喜欢做什么？
Chinese,A2,a movie or show you watched recently,你最近看了什么好看的电影？
Chinese,A2,a pet you have or would like to have,你最想养什么宠物？
Chinese,A2,your family,你家有几个人？
Chinese,A2,how you spent last weekend,你上周末做了什么？
Chinese,B1,what you usually do after work or school,你下班后通常会做什么？
Chinese,B1,what your life might look like in five years,五年后，你的生活会是什么样子？
Chinese,B1,your favorite app or website,你最喜欢的应用是什么？
Chinese,B1,a tradition from your country you'd explain to a foreigner,中国的春节，你们那里会庆祝吗？
Chinese,B1,"what makes a good leader, in your opinion",你认为一个好的领导者应该具备哪些最重要的品质？
Chinese,B1,what you would do with an unexpected day off,如果你今天突然放假，你会做什么？
Chinese,B1,a recent trip or a place you'd like to visit,你最近去过什么有趣的地方？
Chinese,B1,a game you enjoy playing,你喜欢玩什么电子游戏？
Chinese,B1,how you get around your city,你通常坐什么交通工具去上班？
Chinese,B1,something you'd like to change about your daily routine,你希望你的日常生活有什么改变？
Chinese,B1,a pet you have or would like to have,你最想养什么宠物？
Chinese,B1,your hobbies,你平时喜欢做什么？
Chinese,B2,your typical breakfast,你平常早餐吃什么？
Chinese,B2,a decision you're proud of,你曾经做过什么让你感到自豪的决定？
Chinese,B2,a skill you'd like to learn,你最近想学什么新技能？
Chinese,B2,your favorite place to eat,你最常去哪家餐厅吃饭？
Chinese,B2,a movie or show you watched recently,你最近看的那部电影里，让你印象最深刻的场景是什么？
Chinese,B2,your favorite sport,你最喜欢的运动是什么？
Chinese,B2,your favorite time of year,你最喜欢一年中的哪个季节？
Chinese,B2,a challenge you overcame recently,你最近克服了什么困难？
Chinese,B2,your favorite type of music to relax to,你最喜欢听什么类型的音乐来放松？
Chinese,B2,your favorite season and why,你最喜欢的季节是什么，为什么？
Chinese,B2,a pet you have or would like to have,你最想养什么宠物？
Chinese,B2,your best friend,你最好的朋友有什么特别的爱好吗？
Chinese,C1,your best friend,你最好的朋友最大的特点是什么？
Chinese,C1,a mistake you learned something from,你从哪次错误中吸取了最重要的教训？
Chinese,C1,a pet you have or would like to have,如果你能养一只从未见过的奇异宠物，你会选择什么？
Chinese,C1,describe something you can see around you,你现在能看到什么东西？
Chinese,C1,your hobbies,你最近有没有发展什么新的特别的爱好？
Chinese,C1,your favorite food,你最喜欢的家常菜是什么？
Chinese,C1,a language you'd like to speak,如果可以，你最想流利掌握哪门外语？
Chinese,C1,a decision you're proud of,您曾为自己做出的哪个决定感到特别自豪？
Chinese,C1,your family,请问您家里最让您感到骄傲的成员是谁，为什么？
Chinese,C1,the biggest difference between your hometown and a big city,你认为你的家乡与大城市最大的不同之处在于什么？
Chinese,C1,your neighborhood,你觉得你家附近的公园在维护方面有哪些可以改进的地方？
Chinese,C1,your favorite time of year,你最喜欢一年中的哪个季节，为什么？
Chinese,C2,how many people are in your family,请问您家里有几口人？
Chinese,C2,how are you today,您今日身心皆安好？
Chinese,C2,how technology has changed the way you learn,技术如何改变了你的学习方式？
Chinese,C2,a skill you'd like to learn,若有机会，你最想精通哪一项汉语技能？
Chinese,C2,your favorite music,你最喜欢听哪种类型的音乐，能给我推荐一两首吗？
Chinese,C2,the biggest difference between your hometown and a big city,你家乡和繁华大都市之间最显著的区别是什么？
Chinese,C2,your favorite place to eat,你最喜欢在哪儿吃那道菜？
Chinese,C2,your neighborhood,你认为咱们小区在提升居民生活品质方面，还有哪些可以进一步挖掘的潜力？
Chinese,C2,your favorite way to spend a rainy day,你最喜欢的雨天消遣方式是什么？
Chinese,C2,describe something you can see around you,你窗外可见的景象是怎样的？
Chinese,C2,your favorite food,你最喜欢的中餐是什么，为什么？
Chinese,C2,what are your plans for today,今天您有什么特别的安排吗？
Portuguese,A1,your favorite place to eat,Onde você mais gosta de comer?
Portuguese,A1,your favorite sport,Qual é o seu esporte favorito?
Portuguese,A1,something that made you happy recently,O que te fez feliz hoje?
Portuguese,A1,a game you enjoy playing,Tu gostas de jogar futebol?
Portuguese,A1,your morning routine,O que você faz primeiro de manhã?
Portuguese,A1,your favorite food,Qual é a sua comida preferida?
Portuguese,A1,how many people are in your family,Quantas pessoas há na sua família?
Portuguese,A1,what is the weather like,Como está o tempo hoje?
Portuguese,A1,a movie or show you watched recently,Gostaste do filme novo?
Portuguese,A1,your daily routine,O que você faz todas as manhãs?
Portuguese,A1,a skill you'd like to learn,Você gosta de cozinhar?
Portuguese,A1,your favorite holiday,Qual é o seu feriado favorito?
Portuguese,A2,your favorite time of year,Qual é a sua estação do ano preferida?
Portuguese,A2,the room you are in right now,Onde você está agora?
Portuguese,A2,your favorite way to relax,Como você prefere relaxar depois de um dia cansativo?
Portuguese,A2,what you had for breakfast,O que você comeu no café da manhã hoje?
Portuguese,A2,your best friend,O que o teu melhor amigo mais gosta de fazer?
Portuguese,A2,your hobbies,O que gostas de fazer nos teus tempos livres?
Portuguese,A2,a game you enjoy playing,Que jogo gostas de jogar?
Portuguese,A2,your favorite season and why,Qual é a sua estação favorita e porquê?
Portuguese,A2,your daily routine,O que você geralmente faz de manhã?
Portuguese,A2,a movie or show you watched recently,Que filme viste recentemente que gostaste muito?
Portuguese,A2,your favorite food,Qual é a sua comida preferida?
Portuguese,A2,your typical breakfast,Qual é o teu pequeno-almoço típico?
Portuguese,B1,a pet you have or would like to have,"Se você pudesse ter um animal de estimação exótico, qual seria e por quê?"
Portuguese,B1,something you used to believe but don't anymore,"Em que acreditava antes, que hoje em dia já não acredita?"
Portuguese,B1,your favorite way to spend a rainy day,Como gosta de passar um dia chuvoso?
Portuguese,B1,a movie or show you watched recently,Que filme você mais gostou de assistir ultimamente?
Portuguese,B1,a mistake you learned something from,Qual foi um erro que te ensinou algo importante?
Portuguese,B1,a piece of advice someone gave you that stuck,Que conselho de alguém te marcou e por quê?
Portuguese,B1,your favorite sport,Qual é o seu desporto preferido e porquê?
Portuguese,B1,your favorite music,Qual tipo de música você mais gosta de ouvir?
Portuguese,B1,the room you are in right now,Que cores predominam na sala onde você está agora?
Portuguese,B1,the biggest difference between your hometown and a big city,Qual é a maior diferença entre a sua cidade natal e uma cidade grande?
Portuguese,B1,your favorite place to eat,Qual é o seu lugar preferido para comer e por quê?
Portuguese,B1,a decision you're proud of,Qual foi a decisão mais gratificante que você tomou ultimamente?
Portuguese,B2,how you spent last weekend,O que você fez no fim de semana passado?
Portuguese,B2,a game you enjoy playing,Qual jogo você gosta de jogar quando tem tempo livre?
Portuguese,B2,something you used to believe but don't anymore,O que você costumava acreditar que hoje em dia considera irreal?
Portuguese,B2,how your city has changed over the years,Como a sua cidade mudou ao longo dos anos?
Portuguese,B2,your daily routine,O que você costuma fazer logo depois de acordar todos os dias?
Portuguese,B2,your favorite type of music to relax to,Que tipo de música você prefere para relaxar?
Portuguese,B2,how are you today,Como você está hoje?
Portuguese,B2,what is the weather like,Que tempo está a fazer hoje?
Portuguese,B2,your family,Quantos irmãos e irmãs você tem?
Portuguese,B2,what did you do yesterday,O que você fez ontem?
Portuguese,B2,the biggest difference between your hometown and a big city,Qual é a maior diferença entre a sua cidade natal e uma metrópole?
Portuguese,B2,how many people are in your family,Quantas pessoas compõem a sua família?
Portuguese,C1,your favorite type of music to relax to,Que tipo de música mais te ajuda a relaxar?
Portuguese,C1,a challenge you overcame recently,Pode descrever um obstáculo recente que enfrentou e como o superou?
Portuguese,C1,a movie or show you watched recently,Que filme ou série recente conseguiu te transportar para outra realidade de forma mais convincente?
Portuguese,C1,a mistake you learned something from,Qual foi um erro significativo que o ajudou a aprender uma lição importante na sua vida?
Portuguese,C1,how are you today,"Como se sente hoje, depois de tudo o que aconteceu?"
Portuguese,C1,how your city has changed over the years,Como a sua cidade se transformou ao longo das últimas décadas?
Portuguese,C1,your morning routine,Que atividades costuma realizar para se preparar para um dia produtivo logo de manhã?
Portuguese,C1,your favorite music,Que tipo de música te inspira mais a expressar os teus sentimentos mais profundos?
Portuguese,C1,your favorite color and why,Qual é a sua cor favorita e por que a escolheu?
Portuguese,C1,the biggest difference between your hometown and a big city,Qual a maior diferença entre sua cidade natal e uma metrópole?
Portuguese,C1,the last gift you gave someone,Qual foi o último presente que você deu a alguém e qual foi o motivo especial para essa escolha?
Portuguese,C1,your best friend,Podes descrever a personalidade do teu melhor amigo em três palavras?
Portuguese,C2,a piece of advice someone gave you that stuck,Qual foi um conselho marcante que recebeu e que continua a guiar as suas ações?
Portuguese,C2,a challenge you overcame recently,Que obstáculo recente você precisou transpor para alcançar um objetivo pessoal ou profissional de grande relevância?
Portuguese,C2,your favorite time of year,Qual a época do ano que mais te encanta e porquê?
Portuguese,C2,your favorite way to spend a rainy day,Como você desfruta de um dia chuvoso quando o tédio bate à porta?
Portuguese,C2,how technology has changed the way you learn,De que forma as ferramentas digitais redefiniram a sua abordagem à aquisição de novos conhecimentos e competências?
Portuguese,C2,a recent trip or a place you'd like to visit,"Considerando as suas experiências de viagem mais memoráveis, qual paisagem natural lhe evoca a mais profunda sensação de admiração e serenidade?"
Portuguese,C2,your hobbies,Quais atividades você tem desenvolvido para aperfeiçoar seu domínio da língua portuguesa em seu tempo livre?
Portuguese,C2,your favorite type of music to relax to,Que tipo de música prefere para relaxar e porquê?
Portuguese,C2,how many people are in your family,Quantos membros compõem o seu núcleo familiar?
Portuguese,C2,how your city has changed over the years,"Como a sua cidade se transformou ao longo dos anos, refletindo as complexidades socioeconómicas e culturais que moldaram a sua identidade contemporânea?"
Portuguese,C2,what did you do yesterday,"Ontem, o que fizeste para te preparares para o teu exame de proficiência mais exigente?"
Portuguese,C2,"what makes a good leader, in your opinion","Na sua opinião, qual é a qualidade mais crucial para um líder eficaz e porquê?"
Italian,A1,what you had for breakfast,Cosa hai mangiato a colazione?
Italian,A1,something that made you happy recently,Cosa ti ha reso felice oggi?
Italian,A1,your favorite music,Qual è la tua musica preferita?
Italian,A1,what are your plans for today,Cosa fai oggi?
Italian,A1,your favorite place to eat,Qual è il tuo posto preferito per mangiare la pizza?
Italian,A1,your best friend,Come si chiama il tuo migliore amico?
Italian,A1,how you spent last weekend,Come hai passato il tuo fine settimana?
Italian,A1,your favorite food,Qual è il tuo cibo preferito?
Italian,A1,a game you enjoy playing,Ti piace giocare a calcio?
Italian,A1,a skill you'd like to learn,Quale nuova abilità vorresti imparare?
Italian,A1,your typical breakfast,Cosa mangi di solito a colazione?
Italian,A1,a language you'd like to speak,Quale lingua vorresti parlare?
Italian,A2,your favorite season and why,Qual è la tua stagione preferita e perché?
Italian,A2,your family,Quante persone ci sono nella tua famiglia?
Italian,A2,describe something you can see around you,Cosa vedi dalla finestra?
Italian,A2,your daily routine,Cosa fai di solito la mattina?
Italian,A2,what is the weather like,Com'è il tempo oggi?
Italian,A2,your favorite sport,Qual è il tuo sport preferito?
Italian,A2,a movie or show you watched recently,Hai visto un film o una serie interessante di recente?
Italian,A2,what are your plans for today,Cosa fai oggi?
Italian,A2,your favorite app or website,Qual è la tua app preferita per imparare nuove parole?
Italian,A2,your favorite way to relax,Qual è il tuo modo preferito per rilassarti?
Italian,A2,your favorite type of music to relax to,Che tipo di musica ascolti per rilassarti?
Italian,A2,what did you do yesterday,Cosa hai fatto ieri?
Italian,B1,how your city has changed over the years,Come è cambiata la tua città negli ultimi vent'anni?
Italian,B1,your favorite sport,Qual è il tuo sport preferito e perché?
Italian,B1,your favorite color and why,Qual è il tuo colore preferito e perché ti piace così tanto?
Italian,B1,your favorite way to relax,Qual è il tuo modo preferito per rilassarti dopo una lunga giornata?
Italian,B1,a pet you have or would like to have,"Se potessi avere un animale domestico, quale sarebbe e perché?"
Italian,B1,your neighborhood,Come descriveresti il tuo quartiere?
Italian,B1,how you'd describe your ideal weekend to a friend,Come descriveresti il tuo weekend ideale a un amico?
Italian,B1,a decision you're proud of,Di quale decisione che hai preso sei particolarmente orgoglioso/a?
Italian,B1,your typical breakfast,Cosa mangi e bevi di solito a colazione?
Italian,B1,what you had for breakfast,Cosa hai mangiato per colazione stamattina?
Italian,B1,your favorite way to spend a rainy day,Come preferisci passare una giornata di pioggia?
Italian,B1,how you spent last weekend,Cosa hai fatto lo scorso fine settimana?
Italian,B2,your best friend,Come descriveresti il tuo migliore amico in una parola?
Italian,B2,something you'd like to change about your daily routine,"Se potessi cambiare una cosa della mia routine quotidiana, quale sarebbe?"
Italian,B2,something you used to believe but don't anymore,Credevo che fosse possibile imparare una nuova lingua dormendo.
Italian,B2,how you'd describe your ideal weekend to a friend,"Se potessi scegliere, come descriveresti il tuo weekend ideale ad un amico?"
Italian,B2,what you had for breakfast,Cosa hai mangiato a colazione questa mattina?
Italian,B2,your favorite season and why,Qual è la tua stagione preferita e perché ti piace così tanto?
Italian,B2,your favorite sport,Qual è lo sport che ti appassiona di più e perché?
Italian,B2,your family,Quante persone ci sono in totale nella tua famiglia allargata?
Italian,B2,what are your plans for today,Cosa hai in programma di fare oggi?
Italian,B2,your favorite way to spend a rainy day,Come preferisci trascorrere una giornata piovosa?
Italian,B2,your favorite place to eat,Qual è il tuo posto preferito dove mangiare e cosa ti piace ordinarci solitamente?
Italian,B2,a game you enjoy playing,Qual è un gioco che ti appassiona e perché ti piace così tanto?
Italian,C1,something that made you happy recently,Cosa ti ha reso particolarmente felice questa settimana?
Italian,C1,the room you are in right now,Di che colore sono le pareti della stanza in cui ti trovi adesso?
Italian,C1,your hobbies,Quali attività ricreative ti appassionano maggiormente e in che modo ti aiutano a staccare dalla routine quotidiana?
Italian,C1,your favorite holiday,Qual è la tua festività preferita e perché rende le tue celebrazioni uniche?
Italian,C1,what you usually do after work or school,Cosa suoli fare tipicamente una volta terminata la tua giornata lavorativa o scolastica?
Italian,C1,your plans for the weekend,Cosa hai in programma per il prossimo fine settimana?
Italian,C1,your favorite color and why,Qual è il tuo colore preferito e per quale ragione lo scegli?
Italian,C1,how your city has changed over the years,"Come è cambiato il volto della tua città negli ultimi decenni, a tuo parere?"
Italian,C1,your favorite place to eat,Qual è il tuo ristorante preferito in Italia e perché lo scegli tra tanti?
Italian,C1,your favorite food,Qual è il piatto della cucina italiana che ti emoziona di più e perché?
Italian,C1,your daily routine,"Potresti descrivermi la tua routine mattutina ideale, dal risveglio fino all'inizio delle tue attività principali?"
Italian,C1,what you had for breakfast,Cosa hai consumato per colazione stamattina?
Italian,C2,what are your plans for today,"Che programmi hai in serbo per questa giornata, se non sono troppo indiscreto?"
Italian,C2,your family,"Se dovessi descrivere la dinamica familiare che ti ha plasmato, quali archetipi ricorrenti o dinamiche interpersonali sottolineeresti per spiegarne l'essenza?"
Italian,C2,what did you do yesterday,"Ieri, avresti potuto raccontarmi in dettaglio come hai organizzato l'incontro con i tuoi collaboratori stranieri, includendo le sfide linguistiche che prevedevi di affrontare?"
Italian,C2,a skill you'd like to learn,"Se potessi acquisire una nuova abilità istantaneamente, cosa sceglieresti di imparare per arricchire la tua prospettiva sul mondo?"
Italian,C2,how you'd describe your ideal weekend to a friend,"Se dovessi descrivere il tuo fine settimana ideale a un amico, quali aggettivi utilizzeresti per dipingerne l'essenza?"
Italian,C2,a recent trip or a place you'd like to visit,Qual è l'esperienza più inaspettata che ti ha segnato profondamente durante il tuo ultimo viaggio all'estero?
Italian,C2,how you get around your city,"Considerando la sua posizione e le mie abitudini, quali mezzi di trasporto integrerebbe maggiormente per spostarsi efficientemente in città?"
Italian,C2,your favorite place to eat,Quale piatto specifico ti fa tornare sempre in quel tuo posto preferito dove gustare la cucina italiana?
Italian,C2,your favorite time of year,Qual è il tuo periodo dell'anno preferito e perché è quello che ti affascina di più?
Italian,C2,your favorite sport,"Se ti fosse data la possibilità di dedicarti interamente a uno sport per un anno intero, senza alcuna limitazione finanziaria o logistica, quale sceglieresti e perché quell'attività ti cattura così profondamente?"
Italian,C2,a language you'd like to speak,"Se potessi padroneggiare una lingua straniera istantaneamente, quale sceglieresti e perché ti affascina tanto?"
Italian,C2,something you used to believe but don't anymore,"Ricordi qualcosa in cui credevi fermamente da bambino, ma che ora trovi del tutto assurdo?"
Polish,A1,how are you today,Jak się masz dzisiaj?
Polish,A1,something that made you happy recently,Co ostatnio sprawiło Ci radość?
Polish,A1,a movie or show you watched recently,Oglądałeś ostatnio fajny film?
Polish,A1,a book you like,Lubisz tę książkę?
Polish,A1,a game you enjoy playing,Lubisz grać w szachy?
Polish,A1,your favorite way to relax,Jak lubisz się relaksować?
Polish,A1,a recent trip or a place you'd like to visit,Gdzie chcesz pojechać w wakacje?
Polish,A1,your favorite way to spend a rainy day,"Co robisz najchętniej, gdy pada deszcz?"
Polish,A1,your favorite sport,Jaki jest Twój ulubiony sport?
Polish,A1,your job or studies,Jestem studentem.
Polish,A1,how you get around your city,Jak przemieszczasz się po swoim mieście?
Polish,A1,your favorite holiday,Jaka jest Twoja ulubiona Wigilia?
Polish,A2,a language you'd like to speak,Jakiego języka chciał(a)byś się nauczyć?
Polish,A2,how you get around your city,Jak poruszasz się po swoim mieście?
Polish,A2,what you had for breakfast,Co jadłeś dzisiaj na śniadanie?
Polish,A2,your favorite way to relax,Jak lubisz się najbardziej relaksować?
Polish,A2,your favorite sport,Jaki jest Twój ulubiony sport?
Polish,A2,your favorite season and why,Która jest Twoja ulubiona pora roku i dlaczego?
Polish,A2,how you spent last weekend,Jak spędziłeś/spędziłaś ostatni weekend?
Polish,A2,the last gift you gave someone,"Jaki był ostatni prezent, który komuś dałaś/dałeś?"
Polish,A2,your favorite holiday,Jaki jest Twój ulubiony świąteczny przysmak?
Polish,A2,something that made you happy recently,Co ostatnio sprawiło Ci radość?
Polish,A2,what are your plans for today,Jakie masz dzisiaj plany?
Polish,A2,how are you today,Jak się dzisiaj masz?
Polish,B1,your favorite color and why,Jaki jest twój ulubiony kolor i dlaczego go lubisz?
Polish,B1,your favorite season and why,Która jest twoją ulubioną porą roku i dlaczego?
Polish,B1,your neighborhood,Czy w twojej okolicy jest park?
Polish,B1,what you usually do after work or school,Co zazwyczaj robisz po pracy lub szkole?
Polish,B1,how you spent last weekend,Jak spędziłeś ubiegły weekend?
Polish,B1,a challenge you overcame recently,Jakie wyzwanie ostatnio udało Ci się pokonać?
Polish,B1,how you'd describe your ideal weekend to a friend,Jaki jest Twój idealny weekend w jednym zdaniu?
Polish,B1,your favorite sport,Jaki jest Twój ulubiony sport?
Polish,B1,your favorite holiday,Jaki jest Twój ulubiony polski zwyczaj związany z Bożym Narodzeniem?
Polish,B1,your favorite way to relax,"Co najbardziej lubisz robić, żeby się zrelaksować?"
Polish,B1,something that made you happy recently,Co ostatnio sprawiło Ci największą radość?
Polish,B1,your favorite type of music to relax to,"Jakiego rodzaju muzyki najchętniej słuchasz, żeby się zrelaksować?"
Polish,B2,your favorite place to eat,Jaka jest twoja ulubiona restauracja w mieście i dlaczego właśnie tam najchętniej jesz?
Polish,B2,the biggest difference between your hometown and a big city,Jaka jest największa różnica między twoim rodzinnym miastem a wielkim miastem?
Polish,B2,a book you like,"Jakie są twoje ulubione tematy poruszane w książkach, które ostatnio czytałeś?"
Polish,B2,your favorite type of music to relax to,"Jaki gatunek muzyki najchętniej słuchasz, żeby się zrelaksować?"
Polish,B2,the room you are in right now,"Co widzisz w pokoju, w którym teraz jesteś?"
Polish,B2,describe something you can see around you,Co widzisz przez okno?
Polish,B2,how your city has changed over the years,Jakie największe zmiany zauważyłeś/aś w naszym mieście na przestrzeni ostatnich dwudziestu lat?
Polish,B2,how technology has changed the way you learn,"Jak technologia zmieniła sposób, w jaki się uczysz?"
Polish,B2,your favorite way to spend a rainy day,Jak najchętniej spędzasz deszczowy dzień?
Polish,B2,your family,Czy często odwiedzacie swoją dalszą rodzinę?
Polish,B2,how many people are in your family,Ile osób liczy twoja rodzina?
Polish,B2,a movie or show you watched recently,"Jakie były Twoje wrażenia po obejrzeniu ostatniego odcinka serialu, który śledziłeś?"
Polish,C1,your favorite sport,Jakie są Twoje ulubione dyscypliny sportowe i dlaczego właśnie one zajmują specjalne miejsce w Twoim sercu?
Polish,C1,what did you do yesterday,Co robiłeś wczoraj?
Polish,C1,how many people are in your family,Ile osób liczy Twoja rodzina?
Polish,C1,your family,Jakie są Wasze rodzinne plany na najbliższe wakacje?
Polish,C1,a pet you have or would like to have,"Jaką rasę psa byś wybrał/wybrała, gdybyś mógł/mogła mieć zwierzę o wyjątkowo spokojnym temperamencie, ale jednocześnie wymagające regularnej aktywności fizycznej na świeżym powietrzu?"
Polish,C1,something you'd like to change about your daily routine,"Co chciał(a)byś usprawnić w swojej codziennej rutynie, żeby mieć więcej wolnego czasu?"
Polish,C1,a skill you'd like to learn,"Jaką nową umiejętność chciał(a)byś opanować w najbliższym czasie, aby wzbogacić swoje życie zawodowe lub osobiste?"
Polish,C1,your plans for the weekend,Jakie masz plany na najbliższy weekend?
Polish,C1,a mistake you learned something from,"Jakiego błędnego przekonania, którego się pan/pani nauczył/nauczyła, żałuje pan/pani najbardziej?"
Polish,C1,your typical breakfast,Co zazwyczaj jesz na śniadanie w typowy dzień powszedni?
Polish,C1,"what makes a good leader, in your opinion","Co według Pana/Pani stanowi o tym, że ktoś jest dobrym przywódcą?"
Polish,C1,your job or studies,Jakie są największe wyzwania związane z uczeniem się języka polskiego dla osób spoza Europy?
Polish,C2,what your life might look like in five years,"Jak wyobrażasz sobie swoje życie za pięć lat, biorąc pod uwagę obecne tendencje rozwojowe w dziedzinie sztucznej inteligencji i jej potencjalny wpływ na rynek pracy?"
Polish,C2,what you would do with an unexpected day off,"Gdyby niespodziewanie zyskał Pan/Pani dodatkowy dzień wolny, co by Pan/Pani z nim zrobił/zrobiła?"
Polish,C2,how you spent last weekend,"Jak spędziłeś ostatni weekend, delektując się wyrafinowaną kuchnią i zgłębiając arkana lokalnej kultury?"
Polish,C2,your favorite way to spend a rainy day,"Jak najbardziej lubisz spędzać deszczowe popołudnia, gdy za oknem plucha i złowrogi nieboskłon?"
Polish,C2,your favorite color and why,"Gdybyś miał wybrać jeden ulubiony kolor, który by to był i co w nim najbardziej cenisz?"
Polish,C2,your hobbies,Jakie niekonwencjonalne metody eksplorujesz w ramach swojego niedawno odkrytego zainteresowania archeologią amatorską?
Polish,C2,your neighborhood,"Jakie niezwykłe inicjatywy społeczne lub ekologiczne działają w Pańskiej okolicy, których istnienie wykracza poza zwyczajowe ramy sąsiedzkiej współpracy?"
Polish,C2,a skill you'd like to learn,"Gdybyś mógł nauczyć się jednej nowej umiejętności na najwyższym poziomie, co by to było?"
Polish,C2,your favorite sport,Co uważasz za najbardziej widowiskowy aspekt tenisa ziemnego w kontekście strategicznej głębi tej dyscypliny?
Polish,C2,something that made you happy recently,Co ostatnio sprawiło Ci najwięcej radości i dlaczego?
Polish,C2,your favorite place to eat,"Gdzie w Polsce najbardziej lubisz jeść, gdy masz ochotę na coś naprawdę wyjątkowego?"
Polish,C2,what did you do yesterday,"Co wczoraj poczyniłeś, by uczynić swoje życie bardziej wartościowym?"
Russian,A1,your favorite color and why,Какой твой любимый цвет и почему?
Russian,A1,what you usually do after work or school,Что ты обычно делаешь после работы?
Russian,A1,your favorite type of music to relax to,"Какую музыку ты любишь слушать, чтобы расслабиться?"
Russian,A1,your favorite place to eat,Где ты любишь кушать?
Russian,A1,a pet you have or would like to have,У вас есть собака?
Russian,A1,your morning routine,Что ты делаешь утром?
Russian,A1,your favorite app or website,Какое твоё любимое приложение?
Russian,A1,how you spent last weekend,Как ты провёл прошлые выходные?
Russian,A1,your favorite way to spend a rainy day,Как ты любишь проводить дождливый день?
Russian,A1,a skill you'd like to learn,Что бы ты хотел(а) научиться делать?
Russian,A1,your daily routine,Что ты делаешь утром?
Russian,A1,how are you today,Как дела сегодня?
Russian,A2,your favorite way to spend a rainy day,Как ты любишь проводить дождливый день?
Russian,A2,your best friend,Расскажи мне о своём лучшем друге.
Russian,A2,a movie or show you watched recently,"Ты смотрел новый фильм, который недавно вышел?"
Russian,A2,how are you today,Как ты сегодня?
Russian,A2,how many people are in your family,Сколько человек в вашей семье?
Russian,A2,something that made you happy recently,Что тебя недавно очень порадовало?
Russian,A2,your typical breakfast,Что ты обычно ешь на завтрак?
Russian,A2,how you get around your city,Как вы обычно передвигаетесь по городу?
Russian,A2,your favorite holiday,Какой ваш любимый праздник?
Russian,A2,your daily routine,Что ты делаешь утром?
Russian,A2,what you had for breakfast,Что ты ел на завтрак?
Russian,A2,your favorite time of year,Какое ваше любимое время года?
Russian,B1,what you would do if you had more free time,"Если бы у вас было больше свободного времени, чем бы вы занялись?"
Russian,B1,how you spent last weekend,Как вы провели прошлые выходные?
Russian,B1,what you usually do after work or school,Чем ты обычно занимаешься после работы или учёбы?
Russian,B1,your favorite time of year,Какое ваше любимое время года и почему?
Russian,B1,a challenge you overcame recently,С каким вызовом ты столкнулся недавно?
Russian,B1,the room you are in right now,Какого цвета стены в этой комнате?
Russian,B1,your neighborhood,Какие у вас есть любимые места в вашем районе?
Russian,B1,a skill you'd like to learn,Какой новый навык ты бы хотел(а) освоить?
Russian,B1,your favorite type of music to relax to,Какая твоя любимая музыка для отдыха?
Russian,B1,your family,"Расскажите, пожалуйста, кто есть в вашей семье."
Russian,B1,a piece of advice someone gave you that stuck,"Какой тебе дали совет, который ты запомнил?"
Russian,B1,a mistake you learned something from,О какой своей ошибке вы узнали что-то новое?
Russian,B2,your morning routine,Как ты обычно начинаешь своё утро?
Russian,B2,what are your plans for today,Какие у вас планы на сегодняшний день?
Russian,B2,what your life might look like in five years,Как ты видишь свою жизнь через пять лет?
Russian,B2,your job or studies,Какая часть вашей работы или учёбы вам кажется самой интересной?
Russian,B2,your favorite food,Какое ваше самое любимое блюдо?
Russian,B2,your favorite app or website,Какое ваше любимое приложение для изучения новых слов и почему?
Russian,B2,your favorite type of music to relax to,"Какую музыку ты любишь слушать, чтобы расслабиться?"
Russian,B2,a movie or show you watched recently,"Какое последнее кино или сериал вы смотрели, который вас действительно впечатлил?"
Russian,B2,a decision you're proud of,"Какое решение в своей жизни вы приняли, которым особенно гордитесь?"
Russian,B2,what you usually do after work or school,Чем вы обычно занимаетесь после работы или учёбы?
Russian,B2,something you'd like to change about your daily routine,Что бы вы хотели изменить в своём ежедневном распорядке дня?
Russian,B2,something you used to believe but don't anymore,"Раньше я думал, что лето самое лучшее время года, но теперь я так не считаю."
Russian,C1,your favorite music,Какую музыку вы находите наиболее вдохновляющей в последнее время?
Russian,C1,the biggest difference between your hometown and a big city,"В чём, на Ваш взгляд, главное отличие вашего родного города от мегаполиса?"
Russian,C1,a piece of advice someone gave you that stuck,"Какой совет, данный тебе, ты запомнил на всю жизнь?"
Russian,C1,your favorite type of music to relax to,Какая музыка помогает вам лучше всего расслабиться после долгого дня?
Russian,C1,a game you enjoy playing,"В какую игру ты любишь играть, чтобы отвлечься от повседневных забот?"
Russian,C1,the last gift you gave someone,"Какой подарок вы подарили в последний раз, и что вас вдохновило на его выбор?"
Russian,C1,your neighborhood,Как бы вы описали идеальное место для жизни в вашем районе?
Russian,C1,a recent trip or a place you'd like to visit,Какое ваше самое запоминающееся впечатление от недавней поездки в Европу?
Russian,C1,how you get around your city,Как вы обычно передвигаетесь по городу?
Russian,C1,your best friend,"Расскажи, пожалуйста, о самом запомнившемся поступке твоего лучшего друга."
Russian,C1,your favorite season and why,Какое ваше любимое время года и почему?
Russian,C1,your favorite app or website,Какое приложение или сайт вы чаще всего используете для поиска новой музыки?
Russian,C2,a tradition from your country you'd explain to a foreigner,"Каким образом, по вашему мнению, можно наилучшим образом донести до иностранца глубинный смысл масленичных гуляний, выходящий за рамки простого празднования проводов зимы?"
Russian,C2,a skill you'd like to learn,"Какие новые навыки вы хотели бы освоить, чтобы ещё глубже погрузиться в тонкости русской культуры и истории?"
Russian,C2,what you would do with an unexpected day off,Как бы вы провели неожиданно выпавший выходной день?
Russian,C2,how you'd describe your ideal weekend to a friend,"Представь, что ты рассказываешь другу об идеальных выходных: как бы ты одним предложением описал(а) своё идеальное времяпрепровождение?"
Russian,C2,what did you do yesterday,Что вчерашнего дня вы можете назвать самым запоминающимся событием?
Russian,C2,your favorite place to eat,"Какое ваше любимое заведение, где можно отведать изысканные блюда русской кухни, и почему именно оно занимает особое место в ваших гастрономических предпочтениях?"
Russian,C2,your favorite food,"Какое блюдо русской кухни вы бы назвали своим абсолютным фаворитом, если бы пришлось выбрать всего одно?"
Russian,C2,what you would do if you had more free time,"Если бы у меня было больше свободного времени, что бы вы сделали в первую очередь?"
Russian,C2,your daily routine,"Не могли бы вы описать, как проходит ваш обычный день, начиная с момента пробуждения и до отхода ко сну, уделяя внимание всем деталям и переходам между различными видами деятельности?"
Russian,C2,a decision you're proud of,"Можете ли вы описать решение, которым вы особенно гордитесь, и почему именно оно имеет для вас столь большое значение?"
Russian,C2,a game you enjoy playing,"В какую игру вы бы с удовольствием погрузились, чтобы полностью отключиться от реальности?"
Russian,C2,describe something you can see around you,Что вы видите за окном прямо сейчас?
Catalan,A1,how many people are in your family,Quantes persones hi ha a la teva família?
Catalan,A1,what is the weather like,Com està el temps?
Catalan,A1,your job or studies,Què estudies?
Catalan,A1,a language you'd like to speak,Quin idioma t'agradaria parlar?
Catalan,A1,describe something you can see around you,Què hi ha a la taula?
Catalan,A1,what are your plans for today,Què fas avui?
Catalan,A1,your plans for the weekend,Què faràs aquest cap de setmana?
Catalan,A1,your favorite place to eat,On es troba el teu lloc preferit per menjar?
Catalan,A1,your hobbies,Què t'agrada fer en el teu temps lliure?
Catalan,A1,a movie or show you watched recently,Què t'ha agradat més de la pel·lícula?
Catalan,A1,something that made you happy recently,Què t'ha fet somriure ahir?
Catalan,A1,how you get around your city,Com et mous per la ciutat?
Catalan,A2,a skill you'd like to learn,Quina habilitat t'agradaria aprendre?
Catalan,A2,your favorite sport,Quin és el teu esport preferit?
Catalan,A2,your favorite music,Quina música t'agrada més escoltar?
Catalan,A2,a pet you have or would like to have,Tens un gos o un gat?
Catalan,A2,what did you do yesterday,Què vas fer ahir?
Catalan,A2,how are you today,Com estàs avui?
Catalan,A2,your favorite holiday,Quin és el teu dia festiu preferit?
Catalan,A2,your favorite way to spend a rainy day,Com prefereixes passar un dia plujós?
Catalan,A2,your typical breakfast,Què solies menjar per esmorzar quan eras petit?
Catalan,A2,your favorite app or website,Quina és la teva aplicació o lloc web preferit per aprendre coses noves?
Catalan,A2,a language you'd like to speak,Quina llengua t'agradaria aprendre a parlar?
Catalan,A2,your favorite place to eat,On a quina ciutat t'agrada més menjar?
Catalan,B1,your typical breakfast,Quin esmorzar solies fer quan eres petit?
Catalan,B1,what did you do yesterday,Què vas fer ahir?
Catalan,B1,how your city has changed over the years,Com ha canviat la teva ciutat durant els darrers vint anys?
Catalan,B1,your neighborhood,Què és el que més t'agrada del teu barri?
Catalan,B1,your favorite way to spend a rainy day,Com t'agrada passar un dia de pluja?
Catalan,B1,"what makes a good leader, in your opinion","Per a tu, quina és la qualitat més important d'un bon líder?"
Catalan,B1,a pet you have or would like to have,"Si tinguessis un gos, com el cridaries?"
Catalan,B1,a piece of advice someone gave you that stuck,Quina consell te'n vas recordar que et va donar algú?
Catalan,B1,what are your plans for today,Quins plans tens per avui?
Catalan,B1,your daily routine,Com organitzes el teu dia a dia habitualment?
Catalan,B1,something you'd like to change about your daily routine,Què t'agradaria canviar de la teva rutina diària per tenir més temps lliure?
Catalan,B1,your favorite season and why,Quina és la teva estació preferida i per què t'agrada tant?
Catalan,B2,a piece of advice someone gave you that stuck,Quin consell que et van donar recordes amb especial interès?
Catalan,B2,what is the weather like,Com és el temps avui?
Catalan,B2,"what makes a good leader, in your opinion","Segons la teva opinió, quines són les qualitats essencials d'un bon líder?"
Catalan,B2,a book you like,Quina va ser l'última novel·la que et va captivar tant que no podies deixar de llegir-la?
Catalan,B2,what you would do with an unexpected day off,Què faries si avui et donessin el dia lliure de sobte?
Catalan,B2,what you had for breakfast,Què esmorzaries si poguessis triar qualsevol cosa del món?
Catalan,B2,a decision you're proud of,Quina decisió important de la teva vida estimes més haver pres?
Catalan,B2,what are your plans for today,Quins plans teniu per avui?
Catalan,B2,your plans for the weekend,Què tens pensat fer aquest cap de setmana?
Catalan,B2,how many people are in your family,Quantes persones sou a la teva família?
Catalan,B2,your favorite music,Quina música t'agrada escoltar quan necessites relaxar-te?
Catalan,B2,a recent trip or a place you'd like to visit,Quina ha estat la teva darrera escapada de cap de setmana i què hi vas fer?
Catalan,C1,how are you today,Com et trobes avui?
Catalan,C1,your daily routine,Com organitzaries la teva rutina diària per millorar la teva productivitat si tinguessis menys de sis hores per dormir?
Catalan,C1,a pet you have or would like to have,"Si tinguessis un gos, quin tipus d'activitats faries amb ell per mantenir-lo actiu i estimulat?"
Catalan,C1,how technology has changed the way you learn,Com ha transformat la tecnologia la teva manera d'aprendre noves habilitats?
Catalan,C1,something that made you happy recently,Quina activitat recent t'ha aportat una alegria particular?
Catalan,C1,your favorite way to relax,Quina és la teva activitat preferida per desconnectar després d'una setmana intensa?
Catalan,C1,your neighborhood,Quin tipus de comerços i serveis t'agradaria trobar al teu barri per millorar la teva vida diària?
Catalan,C1,your hobbies,Quines activitats t'agrada practicar per desconnectar de la rutina diària?
Catalan,C1,what are your plans for today,Quins són els teus plans per a avui?
Catalan,C1,"what makes a good leader, in your opinion",Quines qualitats creus que són fonamentals en un bon líder en el context actual?
Catalan,C1,your favorite sport,Quin és l'esport que més t'apassiona i per què creus que té un impacte tan significatiu en la teva vida personal?
Catalan,C1,a mistake you learned something from,Quina ha estat la millor lliçó que heu après d'un error comés?
Catalan,C2,describe something you can see around you,Quina tonalitat particular de verd domina el paisatge exterior que observes ara mateix?
Catalan,C2,how many people are in your family,Quants membres componen la teva família nuclear?
Catalan,C2,what you had for breakfast,"Per esmorzar ahir, quina varietat de productes lactis degustaries?"
Catalan,C2,your favorite way to relax,Quin és el teu mètode predilecte per a desconnectar i recarregar energies després d'una setmana intensa?
Catalan,C2,your best friend,"Com descriuries la profunda connexió emocional que t'uneix a la teva millor amiga, més enllà de les paraules?"
Catalan,C2,how technology has changed the way you learn,Com ha transformat la tecnologia la teva manera d'aprendre?
Catalan,C2,your family,"Considerant les implicacions socials i culturals, quins canvis percep vostè en la dinàmica familiar contemporània respecte a generacions anteriors a Catalunya?"
Catalan,C2,what is the weather like,Com descriuries el temps d'avui amb el màxim grau de precisió i riquesa lèxica?
Catalan,C2,your favorite music,Quina peça musical t'ha emocionat més profundament recentment i per què?
Catalan,C2,a book you like,Quina obra literària us ha marcat més profundament i per què us atrau de manera tan visceral?
Catalan,C2,the last gift you gave someone,Recordes quin va ser l'últim detall que vas tenir amb algú proper i quin significat profund va tenir per a tu?
Catalan,C2,a tradition from your country you'd explain to a foreigner,Com descriuries la significació profundament arrelada de la 'castellera' com a manifestació cultural única i emblemàtica de Catalunya a algú que mai no n'ha sentit parlar?
Dutch,A1,your job or studies,Wat studeer jij?
Dutch,A1,your favorite way to relax,Wat doe je graag om te ontspannen?
Dutch,A1,how you spent last weekend,Hoe was je weekend?
Dutch,A1,something that made you happy recently,Wat maakte je blij?
Dutch,A1,what is the weather like,Hoe is het weer vandaag?
Dutch,A1,how many people are in your family,Hoeveel mensen zijn er in je familie?
Dutch,A1,a skill you'd like to learn,Wat wil je leren?
Dutch,A1,what you usually do after work or school,Wat doe je meestal na je werk of school?
Dutch,A1,your morning routine,Wat eet je 's ochtends?
Dutch,A1,your favorite holiday,Wat is je favoriete vakantie?
Dutch,A1,a language you'd like to speak,Welke taal zou je willen spreken?
Dutch,A1,your favorite type of music to relax to,Wat is je favoriete muziek om te ontspannen?
Dutch,A2,your favorite holiday,Wat is jouw favoriete vakantie?
Dutch,A2,how you get around your city,Hoe kom je door de stad?
Dutch,A2,a pet you have or would like to have,Heb je een hond of een kat?
Dutch,A2,your favorite app or website,Welke app gebruik jij het liefst om muziek te luisteren?
Dutch,A2,your best friend,Heb je een beste vriend of vriendin?
Dutch,A2,what are your plans for today,Wat ga je vandaag doen?
Dutch,A2,your favorite time of year,Wat is je favoriete seizoen?
Dutch,A2,how are you today,Hoe gaat het vandaag?
Dutch,A2,the last gift you gave someone,Wat was het laatste cadeau dat je iemand hebt gegeven?
Dutch,A2,your favorite type of music to relax to,Welk soort muziek luister je het liefst om te ontspannen?
Dutch,A2,how many people are in your family,Hoeveel mensen zijn er in jouw familie?
Dutch,A2,what you usually do after work or school,Wat doe je meestal na je werk of school?
Dutch,B1,a skill you'd like to learn,Welke vaardigheid zou je graag willen leren en waarom?
Dutch,B1,your favorite food,Wat is jouw lievelingseten?
Dutch,B1,the last gift you gave someone,Wat was het laatste cadeau dat je iemand hebt gegeven?
Dutch,B1,a piece of advice someone gave you that stuck,Wat is het beste advies dat je ooit hebt gekregen?
Dutch,B1,a game you enjoy playing,Welk spelletje speel jij graag in je vrije tijd?
Dutch,B1,a decision you're proud of,Waarom ben je zo trots op die ene beslissing?
Dutch,B1,a tradition from your country you'd explain to a foreigner,Wat is de betekenis van Sinterklaas voor kinderen in Nederland?
Dutch,B1,describe something you can see around you,Wat zie je op dit moment om je heen?
Dutch,B1,your favorite app or website,Welke app gebruik je het liefst om nieuws te lezen?
Dutch,B1,something you'd like to change about your daily routine,Wat zou je graag aan je dagelijkse routine willen veranderen?
Dutch,B1,what did you do yesterday,Wat heb je gisteren gedaan?
Dutch,B1,how you get around your city,Hoe kom jij meestal door de stad?
Dutch,B2,what you would do with an unexpected day off,Wat zou je doen met een onverwachte vrije dag?
Dutch,B2,a piece of advice someone gave you that stuck,Wat is een stukje advies dat je ooit kreeg en dat je altijd is bijgebleven?
Dutch,B2,your daily routine,Wat doe je meestal als je 's ochtends wakker wordt?
Dutch,B2,how you'd describe your ideal weekend to a friend,Hoe zou jij je ideale weekend omschrijven aan een vriend?
Dutch,B2,your favorite way to relax,Wat is jouw favoriete manier om te ontspannen na een lange dag?
Dutch,B2,your favorite time of year,Wat is jouw favoriete jaargetijde en waarom?
Dutch,B2,your favorite color and why,Wat is jouw lievelingskleur en waarom?
Dutch,B2,what are your plans for today,Wat zijn je plannen voor vandaag?
Dutch,B2,what you usually do after work or school,Wat doe je meestal na je werk of school?
Dutch,B2,your typical breakfast,Wat eet jij doorgaans als ontbijt?
Dutch,B2,a decision you're proud of,Waarom ben je trots op de beslissing om destijds naar het buitenland te verhuizen?
Dutch,B2,how technology has changed the way you learn,Hoe heeft technologie je leerproces veranderd?
Dutch,C1,your favorite way to relax,Wat is je favoriete manier om tot rust te komen na een drukke week?
Dutch,C1,how you spent last weekend,Hoe heb je afgelopen weekend besteed?
Dutch,C1,your favorite type of music to relax to,Welk genre muziek vind jij het prettigst om tot rust te komen?
Dutch,C1,what your life might look like in five years,Hoe zou je leven er over vijf jaar uit kunnen zien?
Dutch,C1,a language you'd like to speak,Welke taal zou u graag vloeiend willen spreken en waarom?
Dutch,C1,something you'd like to change about your daily routine,Welke kleine aanpassing zou je vandaag nog willen maken in je dagelijkse routine om je energieker te voelen?
Dutch,C1,your morning routine,"Hoe begin jij doorgaans de dag, naast het zetten van koffie?"
Dutch,C1,how you get around your city,Hoe verplaats jij je het liefst door de stad en waarom?
Dutch,C1,a tradition from your country you'd explain to a foreigner,"Kunt u de traditie van Sinterklaas en zijn Pieten, zoals die in Nederland gevierd wordt, aan een buitenlander uitleggen?"
Dutch,C1,how technology has changed the way you learn,Hoe heeft technologie jouw leerproces beïnvloed?
Dutch,C1,what you usually do after work or school,Wat doe je meestal om te ontspannen na een lange werk- of schooldag?
Dutch,C1,your favorite time of year,Welk seizoen van het jaar spreekt uw hart het meest aan en waarom?
Dutch,C2,the last gift you gave someone,"Welk persoonlijk, doch praktisch, object gaf u recentelijk aan een bekende die de waarde ervan onmiddellijk inzag en ermee aan de slag ging?"
Dutch,C2,your favorite music,Wat zijn jouw gedachten over de invloed van de digitalisering op de authenticiteit van hedendaagse muziekproducties?
Dutch,C2,your favorite season and why,Welk jaargetijde is uw favoriete en waarom juist dat specifieke seizoen?
Dutch,C2,a language you'd like to speak,"Als u de kans kreeg om een compleet nieuwe taal op C2-niveau te beheersen, welke zou dat dan zijn en waarom juist die?"
Dutch,C2,what you usually do after work or school,Wat doet u doorgaans om te ontspannen na een lange werkdag?
Dutch,C2,what is the weather like,"Als u het weerbericht voor morgen moest interpreteren, welke meteorologische termen zou u dan als cruciaal beschouwen voor een nauwkeurige voorspelling?"
Dutch,C2,"what makes a good leader, in your opinion",Wat kenmerkt volgens u een inspirerende leider die daadwerkelijk verandering teweegbrengt?
Dutch,C2,a tradition from your country you'd explain to a foreigner,"Wat is uw meest memorabele Sinterklaas-ervaring, en welke culinaire tradities associeert u daar persoonlijk mee?"
Dutch,C2,something you used to believe but don't anymore,"Geloofde u ooit in de maatschappij als een autonoom, rationeel organisme dat altijd naar verbetering streeft, maar bent u daarvan teruggekomen?"
Dutch,C2,your favorite way to relax,Wat is uw favoriete manier om volledig te ontstressen na een uitdagende week?
Dutch,C2,your favorite app or website,Wat is uw meest gebruikte applicatie en waarom beïnvloedt deze zo sterk uw dagelijkse routine?
Dutch,C2,what are your plans for today,Wat heb je vandaag zoal in de planning staan?
